,x,y,"('MACCS', 'bac')","('MACCS', 'bac_gtc')","('MACCS', 'bac_murcko')","('MACCS', 'bac_murcko_generic')","('KR', 'bac')","('KR', 'bac_gtc')","('KR', 'bac_murcko')","('KR', 'bac_murcko_generic')","('MolPrint2D', 'bac')","('MolPrint2D', 'bac_gtc')","('MolPrint2D', 'bac_murcko')","('MolPrint2D', 'bac_murcko_generic')","('EState', 'bac')","('EState', 'bac_gtc')","('EState', 'bac_murcko')","('EState', 'bac_murcko_generic')","('AllSMILESNgram', 'bac')","('AllSMILESNgram', 'bac_gtc')","('AllSMILESNgram', 'bac_murcko')","('AllSMILESNgram', 'bac_murcko_generic')","('ShortestPathCycles', 'bac')","('ShortestPathCycles', 'bac_gtc')","('ShortestPathCycles', 'bac_murcko')","('ShortestPathCycles', 'bac_murcko_generic')"
CHEMBL10,5.67409792975,5.41139631808,4,4,4,4,4,4,4,4,3,4,4,4,3,4,4,1,3,4,4,4,3,4,4,4
CHEMBL104,7.47495828461,1.63151776693,4,0,4,4,4,4,4,4,4,1,4,4,4,4,4,4,3,4,4,4,0,4,4,4
CHEMBL104210,0.534538018813,22.5349335746,0,0,1,3,4,3,4,4,3,3,2,3,0,2,0,2,2,4,1,3,2,0,1,3
CHEMBL104332,-0.37267076813,20.7103288799,0,0,1,3,4,3,4,4,3,3,2,3,0,0,0,2,2,4,1,3,2,0,1,3
CHEMBL104574,1.01548433382,20.9805970969,0,0,1,3,4,3,4,4,3,3,2,3,0,2,0,2,2,4,1,3,2,0,1,3
CHEMBL104693,1.074367404,23.4754178996,0,0,1,3,4,3,4,4,3,3,2,3,0,2,0,2,2,4,1,3,2,0,1,3
CHEMBL104803,0.901262710453,20.0817885103,0,0,1,3,4,3,4,4,3,3,2,3,3,4,4,1,2,4,1,3,2,0,1,3
CHEMBL104804,1.16001764095,20.2784250401,0,0,1,3,4,3,4,4,3,3,2,3,2,4,2,0,2,4,1,3,2,0,1,3
CHEMBL105122,1.58397492348,23.0471309873,0,0,1,3,4,3,4,4,3,3,2,3,0,2,0,2,2,4,1,3,2,0,1,3
CHEMBL105148,0.436366244715,21.8936533281,0,0,1,3,4,3,4,4,3,3,2,3,0,2,0,2,2,4,1,3,2,0,1,3
CHEMBL105160,0.539880704645,22.5218985226,0,0,1,3,4,3,4,4,3,3,2,3,0,2,0,2,2,4,1,3,2,0,1,3
CHEMBL105457,21.117068771,10.0831842373,4,2,4,2,4,2,4,0,4,3,4,0,4,0,4,0,4,3,4,0,4,0,4,0
CHEMBL105593,2.10662100675,22.2353924865,0,0,1,3,4,3,4,4,3,3,2,3,0,2,0,2,2,4,1,3,2,0,1,3
CHEMBL105674,1.98146245038,22.2315897302,0,0,1,3,4,3,4,4,3,3,2,3,0,2,0,2,2,4,1,3,2,0,1,3
CHEMBL105945,-0.733834055024,21.1203833775,0,0,1,3,4,3,4,4,3,3,2,3,0,2,0,2,2,4,1,3,2,0,1,3
CHEMBL106218,-0.753692935334,22.1232288002,0,0,1,3,4,3,4,4,3,3,2,3,0,2,0,2,2,4,1,3,2,0,1,3
CHEMBL106219,-0.9308056047,22.1116242596,0,0,1,3,4,3,4,4,3,3,2,3,0,2,0,2,2,4,1,3,2,0,1,3
CHEMBL106224,-0.547851314621,22.4758304651,0,0,1,3,4,3,4,4,3,3,2,3,0,2,0,2,2,4,1,3,2,0,1,3
CHEMBL106259,1.55764288811,20.6249172099,0,0,1,3,4,3,4,4,3,3,2,3,0,2,0,2,2,4,1,3,2,0,1,3
CHEMBL106505,0.994377452656,21.3625867043,0,0,1,3,4,3,4,4,3,3,2,3,0,2,0,2,2,4,1,3,2,0,1,3
CHEMBL107444,-0.587134135747,21.5596772541,0,0,1,3,4,3,4,4,3,3,2,3,0,2,0,2,2,4,1,3,2,0,1,3
CHEMBL107679,-0.478440717324,21.4523087968,0,0,1,3,4,3,4,4,3,3,2,3,0,2,0,2,2,4,1,3,2,0,1,3
CHEMBL107680,1.6066781962,22.0196044682,0,0,1,3,4,3,4,4,3,3,2,3,0,2,0,2,2,4,1,3,2,0,1,3
CHEMBL1087089,-18.4872359589,-0.320410517757,2,0,0,0,0,1,0,0,3,2,2,2,3,4,4,1,3,1,3,3,3,3,3,2
CHEMBL1087367,-20.7316618274,2.60056714603,0,0,0,0,0,1,0,1,3,2,2,4,3,4,4,1,3,1,3,3,3,3,3,4
CHEMBL1087493,-20.9211350849,2.68515286007,0,0,0,0,0,1,0,1,3,4,2,4,3,4,4,1,3,4,3,3,3,4,3,4
CHEMBL1088882,25.4791076659,-5.4937803461,1,3,0,0,3,2,2,1,2,0,1,0,1,3,1,1,0,2,2,0,2,0,0,1
CHEMBL1088898,24.8494117306,-5.16559892448,1,3,0,0,3,2,2,1,2,0,1,0,1,3,1,1,0,2,2,0,2,0,0,1
CHEMBL1088899,25.2573584323,-5.33915944299,1,3,0,0,3,2,2,1,2,0,1,0,1,3,1,1,0,2,2,0,2,0,0,1
CHEMBL1088900,25.9306890079,-2.83438697207,1,3,0,0,3,2,2,1,2,0,1,0,1,3,1,1,0,2,2,0,2,0,0,1
CHEMBL1090175,24.0573214441,-2.21449703925,1,3,0,0,3,2,2,1,2,0,1,0,1,3,1,1,0,2,2,0,2,2,0,1
CHEMBL1090176,24.4608332815,-1.95399127286,1,3,0,0,3,2,2,1,2,0,1,0,1,3,1,1,0,2,2,0,2,2,0,1
CHEMBL1090186,24.5033418248,-1.6766465206,1,3,0,0,3,2,2,1,2,0,1,0,1,3,1,1,0,2,2,0,2,2,0,1
CHEMBL1090197,26.4724281174,-5.02575968446,1,3,0,0,3,2,2,1,2,0,1,0,1,3,1,1,0,2,2,0,2,0,0,1
CHEMBL1090198,24.3099678922,-5.9196055242,1,3,0,0,3,2,2,1,2,0,1,0,1,3,1,1,0,2,2,0,2,0,0,1
CHEMBL1090432,-22.1083348367,-13.4151355637,1,3,0,0,3,4,2,1,2,0,3,0,3,1,4,1,0,2,2,0,2,3,2,1
CHEMBL1090433,-21.1484234961,-12.914361138,1,3,0,0,3,4,2,1,2,0,3,0,3,1,4,1,0,2,2,0,2,3,2,1
CHEMBL1090526,24.9049320436,-1.86200407391,1,3,0,0,3,2,2,1,2,0,1,0,1,3,1,1,0,2,2,0,2,2,0,1
CHEMBL1090527,22.9511635934,-0.75419267285,1,0,0,0,3,2,2,1,2,0,1,0,1,3,1,1,0,2,2,0,2,2,0,1
CHEMBL1090528,22.9807425052,-0.969964433049,1,0,0,0,3,2,2,1,2,0,1,0,1,3,1,1,0,2,2,0,2,2,0,1
CHEMBL1091069,-20.5802242121,-10.9422708185,1,3,0,0,3,4,2,1,2,0,3,0,3,1,4,1,0,2,2,0,2,3,2,1
CHEMBL1091774,-21.0027546962,-9.77603522651,1,0,0,0,3,4,2,1,2,0,3,2,3,1,4,1,0,2,2,1,2,3,2,1
CHEMBL1091775,-21.0135735973,-9.93387889629,1,0,0,0,3,4,2,4,2,0,3,4,3,1,4,1,0,2,2,4,2,3,2,4
CHEMBL1091777,-20.4979086056,-11.8990295949,1,3,0,0,3,4,2,1,2,0,3,0,3,1,4,1,0,2,2,0,2,3,2,1
CHEMBL1091782,-22.1861420861,-11.2535185199,1,0,0,0,3,4,2,1,2,0,3,0,3,1,4,1,0,2,2,0,2,3,2,1
CHEMBL1091790,-21.856682736,-13.2668061321,1,3,0,0,3,4,2,1,2,0,3,0,3,1,4,1,0,2,2,0,2,3,2,1
CHEMBL1091791,-22.2040621691,-13.4909747472,1,3,0,0,3,4,2,1,2,0,3,0,3,1,4,1,0,2,2,0,2,3,2,1
CHEMBL1091792,-21.9115583683,-13.9563510246,1,3,0,0,3,4,2,1,2,0,3,0,3,1,4,1,0,2,2,0,2,3,2,1
CHEMBL1091793,-22.353167334,-13.6963836112,1,3,0,0,3,4,2,1,2,0,3,0,3,4,4,1,0,2,2,0,2,3,2,1
CHEMBL1092118,-22.1157926445,-11.4352134738,1,3,0,0,3,4,2,1,2,0,3,0,3,1,4,1,0,2,2,0,2,3,2,1
CHEMBL1092126,-20.8325957099,-11.517284401,1,3,0,0,3,4,2,1,2,0,3,0,3,1,4,1,0,2,2,0,2,3,2,1
CHEMBL1092258,25.1614187826,-3.55869297276,1,3,0,0,3,2,2,1,2,0,1,0,1,3,1,1,0,2,2,0,2,0,0,1
CHEMBL1092259,25.9626951079,-4.08276693154,1,3,0,0,3,2,2,1,2,0,1,0,1,3,1,1,0,2,2,0,2,0,0,1
CHEMBL1092377,-21.2043135796,-11.1012157508,1,3,0,0,3,4,2,1,2,0,3,0,3,4,4,1,0,2,2,0,2,3,2,1
CHEMBL1092494,-20.9040964606,-10.9988667468,1,3,0,0,3,4,2,1,2,0,3,0,3,3,4,1,0,2,2,0,2,3,2,1
CHEMBL1092495,-21.8066387776,-10.5936643937,1,3,0,0,3,4,2,1,2,0,3,0,3,4,4,1,0,2,2,0,2,3,2,1
CHEMBL1092496,-21.3541285729,-13.7018200947,1,3,0,0,3,4,2,1,2,0,3,0,3,1,4,1,0,2,2,0,2,3,2,1
CHEMBL1092597,24.5481744008,-1.15590176739,1,3,0,0,3,2,2,1,2,0,1,0,1,3,1,1,0,2,2,0,2,2,0,1
CHEMBL1092598,20.9347358211,-5.65038239156,1,0,0,0,3,2,2,1,2,0,1,0,1,3,1,1,0,2,2,0,2,2,0,1
CHEMBL1092599,22.2793198543,-2.1848275078,1,0,0,0,3,2,2,1,2,0,1,0,1,3,1,1,0,2,2,0,2,2,0,1
CHEMBL1092600,25.1545242379,-4.19227311812,1,3,0,0,3,2,2,1,2,0,1,0,1,3,1,1,0,2,2,0,2,0,0,1
CHEMBL1092649,25.9535503722,-4.02571496638,1,3,0,0,3,2,2,1,2,0,1,0,1,3,1,1,0,2,2,0,2,0,0,1
CHEMBL1092650,26.1745388451,-2.81296250886,1,3,0,0,3,2,2,1,2,0,1,0,1,3,1,1,0,2,2,0,2,0,0,1
CHEMBL1092651,25.9898626923,-2.52848755772,1,3,0,0,3,2,2,1,2,0,1,0,1,3,1,1,0,2,2,0,2,0,0,1
CHEMBL1092652,26.6978522438,-4.71227094476,1,3,0,0,3,2,2,1,2,0,1,0,1,3,1,1,0,2,2,0,2,0,0,1
CHEMBL1092662,26.752145594,-4.63530083903,1,3,0,0,3,2,2,1,2,0,1,0,1,3,1,1,0,2,2,0,2,0,0,1
CHEMBL1092663,23.5753174184,-2.94819218452,1,3,0,0,3,2,2,1,2,0,1,0,1,3,1,1,0,2,2,0,2,2,0,1
CHEMBL1092765,-20.3167327795,-11.9851058131,1,3,0,0,3,4,2,1,2,0,3,0,3,4,4,1,0,2,2,0,2,3,2,1
CHEMBL1092766,-20.2641265955,-11.8870463989,1,3,0,0,3,4,2,1,2,0,3,0,3,3,4,1,0,2,2,0,2,3,2,1
CHEMBL1092767,-22.5852547945,-12.9484623234,1,0,0,0,3,4,2,1,2,0,3,0,3,1,4,1,0,2,2,0,2,3,2,1
CHEMBL1092812,-21.3012011898,-13.9303009872,1,3,0,0,3,4,2,1,2,0,3,0,3,1,4,1,0,2,2,0,2,3,2,1
CHEMBL1092813,-20.5976429839,-11.7042572743,1,3,0,0,3,4,2,1,2,0,3,0,3,1,4,1,0,2,2,0,2,3,2,1
CHEMBL1093058,-22.7815623878,-12.1815190249,1,1,0,0,3,4,2,1,2,0,3,0,3,4,4,1,0,2,2,0,2,3,2,1
CHEMBL1093294,-20.1804575781,-12.2271240469,1,3,0,0,3,4,2,1,2,0,3,0,3,1,4,1,0,2,2,0,2,3,2,1
CHEMBL1093623,22.866072564,-0.45067046792,1,0,0,0,3,2,2,1,2,0,1,0,1,3,1,1,0,2,2,0,2,2,0,1
CHEMBL109405,-14.6055340384,-12.7808405638,3,1,3,1,0,1,0,0,4,3,4,0,3,1,3,0,3,1,3,1,3,3,4,0
CHEMBL1094510,-16.3331110371,-1.80201579874,0,0,0,3,0,1,2,0,3,2,2,2,3,4,4,1,3,1,3,3,3,3,3,2
CHEMBL1095819,-18.7241203726,-0.722973681667,2,0,0,0,0,1,0,0,3,2,2,2,3,4,4,1,3,1,3,3,3,3,3,2
CHEMBL1098230,-13.4680132329,17.0594100253,4,4,4,4,4,4,4,4,4,4,4,4,3,4,4,4,3,4,4,4,4,4,4,4
CHEMBL1112,-1.14599862954,4.55063655755,0,0,1,3,4,4,4,4,3,4,3,4,0,3,3,3,2,1,2,4,1,4,4,4
CHEMBL1113,-4.70632182405,4.14751235496,2,0,0,0,4,4,4,1,3,3,4,1,3,3,4,3,0,1,3,1,1,4,3,1
CHEMBL1123,-6.16207952548,-15.5539832188,3,3,1,1,1,3,1,0,0,1,4,0,4,0,3,2,1,0,0,0,0,4,4,0
CHEMBL1161713,13.2071697122,-11.6449684336,4,1,4,4,2,0,3,3,4,3,4,4,1,3,3,4,2,1,4,4,1,0,3,4
CHEMBL1162116,12.2115119232,-0.917372978551,3,4,4,3,4,4,4,4,4,4,4,4,4,4,4,4,4,4,4,4,4,4,4,4
CHEMBL1172,20.8669821464,-8.16348771215,2,1,4,0,3,4,4,1,2,4,4,1,3,1,4,3,0,1,3,1,2,4,3,3
CHEMBL1180343,-21.5757446319,17.0226699514,0,3,1,1,4,3,1,2,2,0,2,2,0,3,0,2,1,0,1,1,2,2,2,3
CHEMBL1187846,15.5449508745,5.74688830005,2,3,2,2,1,3,1,2,1,2,4,2,0,3,0,2,3,2,3,1,4,3,3,2
CHEMBL1191560,-7.52467323365,-13.7090873214,3,3,1,1,1,3,1,0,0,1,0,0,0,3,0,2,1,0,0,0,0,1,0,0
CHEMBL1200604,15.5502810205,-0.928222909074,3,3,3,4,2,4,3,4,3,4,4,4,2,3,1,3,2,4,3,4,4,4,3,4
CHEMBL1201203,13.4526049061,5.59919820551,2,3,2,3,0,2,0,4,1,3,1,1,2,3,2,0,3,2,3,2,3,2,2,0
CHEMBL1201207,5.98145038061,16.4262831176,4,4,4,4,4,0,4,4,4,4,4,4,4,4,3,4,4,4,4,4,4,4,3,4
CHEMBL1201268,16.1591987565,5.35693180725,2,3,2,2,1,3,1,2,1,2,4,2,1,3,1,2,3,2,3,1,4,3,3,2
CHEMBL1201353,20.1923720599,-9.43277120941,1,3,0,1,3,2,2,0,2,0,3,0,1,3,4,2,0,2,2,0,3,4,4,0
CHEMBL12098,-6.92520495169,20.3445076454,4,1,4,4,0,1,0,4,3,4,2,4,1,2,1,3,1,0,1,2,3,4,2,4
CHEMBL1221,7.71994588861,1.56151978614,4,0,4,4,4,4,4,4,4,1,4,4,4,4,4,4,3,4,4,4,3,4,2,2
CHEMBL1231,-4.30677695438,-18.2832911657,3,2,1,1,1,3,1,0,0,1,0,0,0,3,0,2,1,0,0,0,0,1,0,0
CHEMBL1234496,21.6387387265,9.80880723595,4,4,4,4,4,4,4,4,4,4,4,4,4,0,4,4,4,4,4,4,4,4,4,4
CHEMBL1242923,2.99070569357,-11.1994190738,0,0,1,3,2,4,3,3,0,4,3,4,2,3,0,2,2,1,3,4,1,3,4,3
CHEMBL1242950,1.42765604978,-8.59482332475,0,3,1,1,2,1,4,4,0,1,2,3,0,3,1,3,2,0,1,2,1,4,3,4
CHEMBL125764,-15.3797604311,-14.8584560572,3,1,3,1,0,1,0,0,4,3,4,0,3,1,3,0,3,1,3,1,3,3,4,0
CHEMBL1258223,-5.37659322075,0.946564859469,0,0,1,2,2,3,0,4,1,2,0,3,0,1,0,2,2,0,1,2,1,4,1,3
CHEMBL1258452,-4.70111998877,0.744251515292,0,3,1,2,2,3,0,4,1,2,0,3,0,3,0,2,2,0,1,2,1,4,1,3
CHEMBL1258671,-4.51964620283,-0.836003741368,0,0,1,2,2,3,0,4,1,2,0,3,0,3,0,2,2,0,1,2,1,4,1,3
CHEMBL12587,20.7057254656,11.1415071426,4,2,4,2,4,4,4,0,4,3,4,0,4,0,4,0,4,3,4,0,4,0,4,0
CHEMBL1262,7.97023148325,1.47278444101,4,0,4,4,4,4,4,4,4,1,4,4,4,4,4,4,3,4,4,4,3,4,4,4
CHEMBL127273,-7.76017167965,1.25459964987,0,3,1,2,0,1,0,4,0,1,2,3,2,3,2,0,1,0,1,4,1,2,3,4
CHEMBL128365,24.547837794,4.08942512375,0,3,1,1,4,3,1,0,4,2,0,0,4,0,3,2,4,4,0,0,2,2,0,0
CHEMBL12980,-9.29910652066,-15.4776178301,3,3,3,1,1,3,0,2,0,1,1,4,0,3,3,3,3,0,0,3,0,1,4,4
CHEMBL1306,-1.49029311693,4.92841916118,0,3,1,3,4,4,4,4,3,4,3,4,4,4,4,4,3,4,4,4,1,4,4,4
CHEMBL130835,-8.32079913257,2.62278132987,0,3,1,3,2,0,3,3,0,1,2,3,0,3,0,2,1,0,1,4,1,2,3,4
CHEMBL1346,-18.6564216388,9.64265660621,0,0,3,3,2,3,3,3,2,4,3,4,0,3,3,3,1,0,1,3,0,4,2,4
CHEMBL134641,-5.92273265146,-2.53781890904,4,1,4,4,0,1,0,4,1,4,3,4,4,0,3,4,3,4,4,4,4,4,4,4
CHEMBL136027,9.74595832214,-18.670310876,1,3,2,3,3,2,2,1,4,2,4,3,3,1,4,4,4,4,3,4,1,3,4,2
CHEMBL1382,10.6041819183,-13.6227452322,4,3,1,1,0,2,1,0,2,2,0,0,2,3,0,2,3,4,0,0,3,4,0,0
CHEMBL139603,9.30577400879,-22.0262258107,1,0,2,3,3,4,2,1,4,2,4,3,3,4,4,4,4,4,3,4,1,3,4,2
CHEMBL139887,11.0743621562,-19.3915191464,1,3,2,3,3,2,2,1,4,2,4,3,3,1,4,4,4,4,3,4,1,3,4,2
CHEMBL140142,11.0743606467,-19.3915282293,1,3,2,3,3,2,2,1,4,2,4,3,3,1,4,4,4,4,3,4,1,3,4,2
CHEMBL140746,9.17421425752,-22.5886254961,1,0,2,3,3,2,2,1,4,2,4,3,3,4,4,4,4,4,3,4,1,3,4,2
CHEMBL140789,9.27630246812,-22.038037244,1,0,2,3,3,4,2,1,4,2,4,3,3,4,4,4,4,4,3,4,1,3,4,2
CHEMBL140985,9.21199735505,-22.0666429873,1,0,2,3,3,2,2,1,4,2,4,3,3,4,4,4,4,4,3,4,1,3,4,2
CHEMBL1411979,-23.0379745876,-5.67136374002,1,0,0,4,3,4,2,1,3,4,4,1,3,3,4,1,0,4,2,1,1,4,4,1
CHEMBL141452,9.30244693041,-19.2636690008,1,3,2,3,3,2,2,1,4,2,4,3,3,1,4,4,4,4,3,4,1,3,4,2
CHEMBL142126,9.30239750141,-19.2636998976,1,3,2,3,3,2,2,1,4,2,4,3,3,1,4,4,4,4,3,4,1,3,4,2
CHEMBL142184,9.84535880892,-22.4031873933,1,0,2,3,3,2,2,1,4,2,4,3,3,4,4,4,4,4,3,4,1,3,4,2
CHEMBL1424807,-3.46699670194,3.43086835554,2,0,0,1,4,4,4,0,3,3,3,0,3,4,4,2,0,1,2,0,1,2,0,0
CHEMBL142538,9.30244703824,-19.2636695896,1,3,2,3,3,2,2,1,4,2,4,3,3,1,4,4,4,4,3,4,1,3,4,2
CHEMBL142766,11.0743600591,-19.3915696306,1,3,2,3,3,2,2,1,4,2,4,3,3,1,4,4,4,4,3,4,1,3,4,2
CHEMBL143434,9.27629397305,-22.0380342447,1,0,2,3,3,4,2,1,4,2,4,3,3,4,4,4,4,4,3,4,1,3,4,2
CHEMBL143466,9.09705383943,-22.5540473951,1,0,2,3,3,4,2,1,4,2,4,3,3,4,4,4,4,4,3,4,1,3,4,2
CHEMBL143468,9.30244701629,-19.263670264,1,3,2,3,3,2,2,1,4,2,4,3,3,1,4,4,4,4,3,4,1,3,4,2
CHEMBL143469,9.30244707762,-19.2636704266,1,3,2,3,3,2,2,1,4,2,4,3,3,1,4,4,4,4,3,4,1,3,4,2
CHEMBL144123,-14.8252521671,-15.2839141846,3,1,3,1,0,1,0,0,4,3,4,0,3,3,3,0,3,1,3,1,3,3,4,0
CHEMBL144247,-9.52607474811,-3.1305571545,3,3,3,1,1,1,0,0,1,1,3,0,2,3,2,0,3,1,3,1,0,0,4,0
CHEMBL144385,-14.9299450875,-13.5335691678,3,1,3,1,0,1,0,0,4,3,4,0,3,1,3,0,3,1,3,1,3,3,4,1
CHEMBL144434,-15.8081057073,-14.2265685238,3,1,3,1,0,1,0,0,4,3,4,0,3,3,3,0,3,1,3,1,3,3,4,0
CHEMBL144435,-14.47116104,-12.4810434662,3,3,3,1,0,1,0,0,4,3,4,0,4,1,4,0,3,1,3,1,3,3,4,0
CHEMBL144493,-15.8693382451,-15.4495680792,3,1,3,1,0,1,0,0,4,3,4,0,3,1,3,0,3,1,3,1,3,3,4,0
CHEMBL144580,-9.9306536743,-5.52866056565,3,3,3,1,0,1,0,0,1,3,0,0,4,4,4,0,3,1,3,1,3,2,0,0
CHEMBL144693,-9.25112403425,-6.77653874006,3,3,3,1,0,1,0,0,1,3,0,0,2,3,2,0,3,1,3,1,3,2,0,0
CHEMBL144737,-8.66628486514,-3.06322007637,3,1,3,1,1,1,0,0,1,1,3,0,2,3,2,0,3,1,3,1,0,0,4,0
CHEMBL144751,-15.4343782616,-13.5763362395,2,1,0,1,0,1,0,0,4,3,4,0,3,1,3,0,3,1,3,1,3,3,4,0
CHEMBL145081,-8.8712133535,-3.00037273106,3,1,3,1,1,1,0,0,1,1,3,0,2,3,2,0,3,1,3,1,0,4,4,1
CHEMBL145301,-9.90992990749,-4.48898506481,3,1,3,1,1,1,0,0,1,1,0,0,2,3,2,0,3,1,3,1,0,3,0,0
CHEMBL145488,-14.5509896172,-14.5211317212,3,1,3,1,0,1,0,0,4,3,4,0,3,3,3,0,3,1,3,1,3,3,4,0
CHEMBL145533,-9.59741346527,-3.77372890952,3,3,3,1,1,1,0,0,1,1,3,0,2,4,2,0,3,1,3,1,0,3,4,0
CHEMBL1455766,3.11582301034,-1.43366892451,4,1,4,4,2,4,4,4,3,4,1,4,1,3,1,3,2,4,3,4,3,4,4,4
CHEMBL145608,-8.60323800182,-2.80247112728,3,3,3,1,1,1,0,0,1,1,3,0,2,3,2,0,3,1,3,1,0,0,4,0
CHEMBL14580,-7.27905017668,-4.47995000774,3,3,3,1,0,1,0,0,1,3,3,0,2,3,2,0,3,1,3,1,3,4,0,0
CHEMBL145913,-4.93382552857,-25.9704528001,3,0,3,3,2,0,3,3,0,1,0,1,2,4,3,3,2,2,0,2,0,1,1,2
CHEMBL146249,-2.42041895517,-26.3772806101,3,2,3,3,2,0,3,3,0,1,0,1,2,3,3,3,2,2,0,2,0,1,1,2
CHEMBL146291,-1.89273190772,-20.9221842988,3,2,3,3,2,0,3,3,0,1,0,1,2,3,3,3,2,2,0,2,0,1,1,2
CHEMBL146307,-5.64919838379,-25.3441510267,3,0,3,3,2,0,3,3,0,1,0,1,2,4,3,3,2,2,0,2,0,1,1,2
CHEMBL146351,-3.79106138806,-25.8266007864,3,2,3,3,2,0,3,3,0,1,0,1,2,3,3,3,2,2,0,2,0,1,1,2
CHEMBL146359,-6.38755991504,-24.3845895056,3,0,3,3,2,0,3,3,0,1,0,1,2,4,3,3,2,2,0,2,0,1,1,2
CHEMBL146464,-0.823599262492,-21.4162005922,3,2,3,3,2,0,3,3,0,1,0,1,2,3,3,3,2,2,0,2,0,1,1,2
CHEMBL146567,-5.58481313795,-25.3245206628,3,0,3,3,2,0,3,3,0,1,0,1,2,3,3,3,2,2,0,2,0,1,1,2
CHEMBL147105,-4.07795687276,-24.6484115657,3,0,3,3,2,0,3,3,0,1,0,1,2,4,3,3,2,2,0,2,0,1,1,2
CHEMBL147554,-5.85858546956,-25.350360935,3,0,3,3,2,0,3,3,0,1,0,1,2,4,3,3,2,2,0,2,0,1,1,2
CHEMBL147611,-6.15283552958,-25.9223596482,3,0,3,3,2,0,3,3,0,1,0,1,2,4,3,3,2,2,0,2,0,1,1,2
CHEMBL147653,-5.23615627382,-25.5308281044,3,0,3,3,2,0,3,3,0,1,0,1,2,4,3,3,2,2,0,2,0,1,1,2
CHEMBL147672,-1.47008209936,-20.980403487,3,2,3,3,2,0,3,3,0,1,0,1,2,3,3,3,2,2,0,2,0,1,1,2
CHEMBL147695,-4.5660112946,-25.7335606417,3,2,3,3,2,0,3,3,0,1,0,1,2,4,3,3,2,2,0,2,0,1,1,2
CHEMBL147778,-4.22688750132,-24.529199604,3,0,3,3,2,0,3,3,0,1,0,1,2,3,3,3,2,2,0,2,0,1,1,2
CHEMBL148129,-5.55003462928,-20.6667964038,3,2,3,3,2,0,3,3,0,1,0,1,2,3,3,3,2,2,0,2,0,1,1,2
CHEMBL148310,-0.998851855862,-21.1808287123,3,2,3,3,2,0,3,3,0,1,0,1,2,3,3,3,2,2,0,2,0,1,1,2
CHEMBL148328,-0.689955243375,-22.0692714416,3,2,3,3,2,0,3,3,0,1,0,1,2,3,3,3,2,2,0,2,0,1,1,2
CHEMBL148404,-3.97016756788,-24.7665276191,3,0,3,3,2,0,3,3,0,1,0,1,2,4,3,3,2,2,0,2,0,1,1,2
CHEMBL148450,-0.182948362138,-21.6465499586,3,2,3,3,2,0,3,3,0,1,0,1,0,3,3,3,2,2,0,2,0,1,1,2
CHEMBL1490,0.810309577125,-12.0455669501,3,3,3,3,1,1,0,1,0,1,0,3,2,3,2,0,2,0,0,3,0,1,3,4
CHEMBL1493369,22.5804236977,-5.39216765346,1,3,0,0,3,2,2,1,2,0,1,0,1,3,1,1,0,2,2,0,2,2,0,1
CHEMBL149484,-4.87671693986,-26.3238502083,3,0,3,3,2,0,3,3,0,1,0,1,0,3,3,3,2,2,0,2,0,1,1,2
CHEMBL149486,-0.338603827025,-21.3465366773,3,2,3,3,2,0,3,3,0,1,0,1,2,3,3,3,2,2,0,2,0,1,1,2
CHEMBL149769,-1.98201759609,-20.8989823668,3,2,3,3,2,0,3,3,0,1,0,1,2,3,3,3,2,2,0,2,0,1,1,2
CHEMBL150219,-2.02588013508,-25.7724100844,3,2,3,3,2,0,3,3,0,1,0,1,2,3,3,3,2,2,0,2,0,1,1,2
CHEMBL151938,24.5514432138,4.20176089271,4,3,1,1,3,2,1,0,4,2,0,0,4,0,3,2,4,4,0,0,4,4,0,0
CHEMBL1559535,-13.5934479414,-3.24417606982,2,0,0,0,4,4,4,4,3,4,3,2,3,1,4,1,0,4,2,1,1,4,4,2
CHEMBL15928,-0.742353147936,9.35781264165,0,0,1,3,4,4,4,4,3,3,4,3,1,2,1,3,1,3,2,3,1,2,3,3
CHEMBL1618018,13.341678748,6.1474190614,2,3,2,2,1,0,1,2,1,2,1,1,0,3,0,2,3,2,3,1,4,3,3,2
CHEMBL1621597,15.57608931,4.5368181537,2,3,2,2,1,3,1,2,1,2,4,1,1,3,1,2,3,2,3,1,4,3,3,2
CHEMBL1628227,19.1813592762,0.18132123437,1,3,1,4,4,2,2,1,2,0,1,1,1,3,1,3,0,4,2,1,2,1,3,2
CHEMBL1628526,3.27505407728,3.58897906445,0,0,1,3,2,4,3,3,3,4,4,4,3,4,4,3,2,1,4,4,1,0,3,4
CHEMBL1628667,12.1834385598,-9.82806433983,4,1,4,4,2,4,3,4,3,4,4,4,3,1,4,4,1,0,2,4,1,4,4,4
CHEMBL1632158,-11.6282318213,-9.87975146083,0,4,1,3,2,0,3,3,4,4,0,2,0,2,0,2,2,4,1,2,1,4,2,4
CHEMBL1632174,-11.6942777779,-9.80062517068,0,4,1,3,2,0,3,3,4,4,0,2,0,1,0,2,2,4,1,2,1,4,2,4
CHEMBL166599,-23.8126519225,-4.87437622442,2,0,0,0,3,4,2,4,3,1,0,2,3,3,4,1,0,1,2,1,1,0,0,2
CHEMBL166697,-25.1696607524,-4.31403172997,2,0,0,0,3,4,2,4,3,1,0,2,3,3,4,1,0,1,2,1,1,0,0,2
CHEMBL166935,-25.2712085496,-4.40192730231,2,0,0,0,3,4,2,4,3,1,0,2,3,3,4,1,0,1,2,1,1,0,0,2
CHEMBL166991,-24.0293214621,-4.91214869055,2,0,0,0,3,4,2,4,3,1,0,2,3,4,4,1,0,1,2,1,1,0,0,2
CHEMBL167004,-23.7669109725,-4.96851016682,2,0,0,0,3,4,2,4,3,1,0,2,3,3,4,1,0,1,2,1,1,0,0,2
CHEMBL167027,24.6388057081,-9.06922891437,1,3,0,0,3,2,2,1,2,0,1,0,1,3,1,1,0,2,2,0,2,2,0,1
CHEMBL167223,21.9964115155,-8.62196747908,1,3,0,0,3,2,2,1,2,0,1,0,1,3,1,1,0,2,2,0,2,2,0,1
CHEMBL1672288,4.76907335354,1.3735613025,4,4,4,4,4,4,4,1,4,4,1,1,4,4,4,1,4,4,4,1,4,4,1,1
CHEMBL168223,19.5919148618,-6.17105879971,1,3,0,0,3,4,2,1,2,0,1,0,1,3,1,1,0,2,2,0,2,0,0,1
CHEMBL168496,-23.8952967998,-3.94785393408,2,3,0,0,3,4,2,4,3,1,0,2,3,3,4,1,0,1,2,1,1,0,0,2
CHEMBL168704,23.6581380807,-10.1862134639,1,3,0,0,3,3,2,1,2,0,1,0,1,3,1,1,0,2,2,0,2,2,0,1
CHEMBL168707,22.1136721566,-8.6957059959,1,3,0,0,3,2,2,1,2,0,1,0,1,3,1,1,0,2,2,0,2,2,0,1
CHEMBL168815,-4.59974397807,-4.14331187335,3,3,3,1,1,1,0,0,1,4,0,1,4,0,3,0,3,1,3,1,4,3,1,1
CHEMBL169401,22.3530795433,-9.62970828902,1,3,0,0,3,2,2,1,2,0,1,0,1,3,1,1,0,2,2,0,2,2,0,1
CHEMBL169469,-24.8969096314,-4.73299573346,2,0,0,0,3,4,2,4,3,1,0,2,3,4,4,1,0,1,2,1,1,0,0,2
CHEMBL169494,23.6356429362,-6.03263586857,1,3,0,0,3,2,2,1,2,0,1,0,1,3,1,1,0,2,2,0,2,0,0,1
CHEMBL169594,20.5707697973,-4.53557264548,0,3,0,0,4,2,2,1,2,0,1,0,0,1,1,1,0,2,2,0,2,0,0,1
CHEMBL169680,25.5464279215,-6.64823869157,1,3,0,0,3,2,2,1,2,0,1,0,1,3,1,1,0,2,2,0,2,0,0,1
CHEMBL169695,-24.144493566,-4.29372703957,2,0,0,0,3,4,2,4,3,1,0,2,3,3,4,1,0,1,2,1,1,0,0,2
CHEMBL170088,22.8344236577,-7.65741079078,1,3,0,0,3,2,2,1,2,0,1,0,1,3,1,1,0,2,2,0,2,2,0,1
CHEMBL170205,12.4581317468,20.4732091221,2,3,2,2,1,0,1,2,1,4,3,2,4,0,3,4,4,3,4,3,4,3,3,2
CHEMBL170221,24.7223604106,-7.44373263269,1,3,0,0,3,2,2,1,2,0,1,0,2,3,2,1,0,2,2,0,2,2,0,1
CHEMBL17045,15.8048292914,-12.418741688,0,3,1,3,2,4,3,3,4,3,4,4,1,3,1,3,2,1,4,4,1,0,3,4
CHEMBL170552,-24.5463155867,-3.8541047289,2,3,0,0,3,4,2,4,3,1,0,2,3,3,4,1,0,1,2,1,1,0,0,2
CHEMBL170922,12.5899266481,19.8743394488,2,3,2,2,1,0,1,2,1,4,3,2,4,0,3,4,4,3,4,3,4,3,3,2
CHEMBL170977,12.7431189625,20.485217756,2,3,2,2,1,0,1,2,1,4,3,2,4,0,3,4,4,3,4,3,4,3,3,2
CHEMBL171102,23.1675773455,-6.52874471003,1,3,0,0,3,2,2,1,2,0,1,2,1,3,1,1,0,2,2,1,2,2,0,4
CHEMBL171216,22.0337909917,-10.6707921332,1,0,0,0,3,2,2,1,2,0,1,0,1,3,1,1,0,2,2,0,2,2,0,1
CHEMBL171520,11.7530736183,20.8645396768,2,3,2,2,1,0,1,2,1,4,3,2,4,0,3,4,4,3,4,3,4,3,3,2
CHEMBL172233,23.173481534,-9.63731501506,1,3,0,0,3,2,2,1,2,0,1,0,1,3,1,1,0,2,2,0,2,2,0,1
CHEMBL172234,20.4653549195,-6.44694132924,0,3,0,0,4,2,2,1,2,0,1,0,0,1,1,1,0,2,2,0,2,0,0,1
CHEMBL172272,11.9876006421,20.8900743757,2,3,2,2,1,0,1,2,1,4,3,2,4,0,3,4,4,3,4,3,4,3,3,2
CHEMBL172646,13.2177757029,21.1518204647,2,3,2,2,1,0,1,2,1,4,3,2,4,0,3,4,4,3,4,3,4,3,3,2
CHEMBL172969,11.9929354534,20.3521047624,2,3,2,2,1,0,1,2,1,4,3,2,4,0,3,4,4,3,4,3,4,3,3,2
CHEMBL173155,12.8300383599,19.8605843468,2,3,2,2,1,0,1,2,1,4,3,2,4,0,3,4,4,3,4,3,4,3,3,2
CHEMBL173950,13.3217857724,19.0345879989,2,3,2,2,1,0,1,2,1,4,3,2,4,0,3,4,4,3,4,3,4,3,3,2
CHEMBL177040,6.2750825544,-7.17747975367,3,0,3,3,2,0,3,3,0,1,3,4,2,3,3,3,2,2,2,3,0,0,3,4
CHEMBL181447,8.36209429209,19.2196167471,2,3,2,2,1,0,1,2,1,4,3,2,4,0,3,4,4,3,4,3,4,3,3,2
CHEMBL182761,9.05408693626,17.3863711052,2,3,2,2,1,0,1,2,1,4,3,2,4,0,3,4,4,3,4,3,4,3,3,2
CHEMBL182777,8.90255059046,20.179668396,2,1,2,4,1,0,1,2,1,4,3,4,4,0,3,4,4,4,4,3,4,3,3,4
CHEMBL183331,9.89928650974,19.0634584702,2,3,2,2,1,0,1,2,1,4,3,2,4,0,3,4,4,3,4,3,4,3,3,2
CHEMBL1834350,-5.70338973666,5.01619736147,4,1,4,4,0,4,4,4,3,4,4,4,1,4,3,4,3,4,4,4,3,4,4,4
CHEMBL183903,9.8894084719,18.9884787889,2,3,2,2,1,0,1,2,1,4,3,2,4,0,3,4,4,3,4,3,4,3,3,2
CHEMBL184843,8.94893897249,17.6772897621,2,3,2,2,1,0,1,2,1,4,3,2,4,0,3,4,4,3,4,3,4,3,3,2
CHEMBL1910856,-6.5218695419,-7.94398637363,3,2,3,3,2,4,3,3,2,4,3,4,0,3,3,3,1,4,3,3,0,4,4,4
CHEMBL1935431,-18.2162198743,-0.84757085065,2,0,0,0,2,4,0,0,3,2,2,2,3,4,4,1,3,1,3,3,3,3,3,2
CHEMBL1935435,-18.1580636311,-1.42787238475,2,0,0,0,0,1,0,4,3,2,2,2,3,4,4,1,3,1,3,3,3,3,3,2
CHEMBL1935437,-18.2947993396,-0.647986803837,2,0,0,0,0,1,0,0,3,2,2,2,3,4,4,1,3,1,3,3,3,3,3,2
CHEMBL1935438,-16.0460101737,0.368409642271,2,0,0,3,0,2,2,0,3,2,2,2,3,4,4,1,3,1,3,3,3,3,3,2
CHEMBL1935439,-16.2567001459,-0.0438759771289,0,0,0,3,2,4,2,0,3,2,2,2,0,2,4,1,3,1,3,3,3,3,3,2
CHEMBL1935442,-19.5624311701,-0.609646211911,2,0,0,0,4,4,4,0,3,2,2,2,3,4,4,1,3,1,3,3,3,3,3,2
CHEMBL1935443,-19.4058737174,-0.753450183745,2,0,0,0,4,4,4,0,3,2,2,2,3,4,4,1,3,1,3,3,3,3,3,2
CHEMBL1935444,-20.0428784692,-1.90193488393,2,0,0,0,4,4,4,0,3,2,2,2,3,4,4,1,3,1,3,3,3,3,3,2
CHEMBL1935445,-20.4934163521,0.0345467444024,2,0,0,0,4,4,4,0,3,2,2,2,3,4,4,1,3,1,3,3,3,3,3,2
CHEMBL1935446,-19.6704206038,-1.73640641182,2,0,0,0,4,4,4,0,3,2,2,2,3,4,4,1,3,1,3,3,3,3,3,2
CHEMBL1935447,-20.250670391,-2.59156499572,2,0,0,0,4,4,4,0,3,2,2,2,3,4,4,1,3,1,3,3,3,3,3,2
CHEMBL194206,-1.70581302302,7.85258620453,0,0,1,3,4,4,4,4,3,3,3,3,0,1,0,2,1,3,2,3,1,2,3,3
CHEMBL195437,-2.60511045208,-7.56728899156,4,4,1,1,4,4,1,0,0,4,0,0,4,4,0,2,3,4,0,0,4,4,0,0
CHEMBL195927,-2.53698112251,7.32820941374,0,0,1,3,4,4,4,4,3,3,3,3,0,3,0,2,1,3,2,3,1,2,3,3
CHEMBL196169,-1.96190751578,7.64564942277,0,0,1,3,4,4,4,4,3,3,3,3,0,1,0,2,1,3,2,3,1,2,3,3
CHEMBL196370,-1.90042934065,7.61788346762,0,0,1,3,4,4,4,4,3,3,3,3,0,3,0,2,1,3,2,3,1,2,3,3
CHEMBL196598,-1.93615099403,8.23344198461,0,0,1,3,4,4,4,4,3,3,3,3,0,3,0,2,1,3,2,3,1,2,3,3
CHEMBL197275,-12.023748903,-9.45641112605,0,0,1,3,4,4,4,4,4,4,4,4,1,1,4,4,3,4,4,4,1,4,3,4
CHEMBL197408,-1.74701517737,7.73290536399,0,0,1,3,4,4,4,4,3,3,3,3,0,3,0,2,1,3,2,3,1,2,3,3
CHEMBL197796,-1.39998592711,7.85013201775,0,0,1,3,4,4,4,4,3,3,3,3,0,1,0,2,1,3,2,3,1,2,3,3
CHEMBL198982,13.930201154,-12.9360511888,3,1,2,4,2,4,3,3,4,3,4,4,3,4,4,4,2,1,4,4,1,0,3,4
CHEMBL200234,-2.44342883918,4.19444230745,2,0,0,0,4,4,4,4,3,3,3,4,3,4,4,1,0,1,2,4,1,2,4,4
CHEMBL2023762,13.4072323318,3.32639138489,4,3,4,3,0,1,0,4,0,4,4,1,4,4,4,0,3,4,4,2,0,0,1,0
CHEMBL2030625,-8.66210455032,7.8504441353,4,4,4,4,0,1,0,4,1,4,4,4,4,4,4,4,3,4,4,4,4,4,4,4
CHEMBL2030626,-8.49958803576,8.02133910464,4,4,4,4,0,1,0,4,1,4,4,4,4,0,4,4,3,4,4,4,4,4,4,4
CHEMBL2031737,8.1379114734,11.5784877854,4,3,1,2,0,4,2,4,1,4,0,3,1,2,1,3,2,4,0,2,3,4,1,3
CHEMBL205654,-13.6485827601,-3.27954543674,2,0,0,0,0,4,4,4,4,4,4,4,3,1,4,1,3,4,4,4,3,4,4,4
CHEMBL20732,15.3814885789,-5.10868422884,0,3,0,0,4,2,2,1,2,0,1,0,1,1,1,1,0,2,2,0,2,0,1,1
CHEMBL2092737,11.6055308746,11.3013651244,2,1,2,2,1,4,4,0,1,2,3,0,4,0,3,0,4,3,4,0,4,4,4,0
CHEMBL2093083,11.605185791,11.3015467469,2,1,2,2,1,4,4,0,1,2,3,0,4,0,3,0,4,3,4,0,4,4,4,0
CHEMBL210514,-4.9891171758,-8.86094655982,0,0,1,3,4,3,4,4,4,4,4,4,1,2,1,3,3,4,2,4,2,4,3,4
CHEMBL2110892,-6.17080826197,-14.9421332607,3,3,1,1,1,3,1,0,0,1,0,0,0,3,0,2,1,0,0,0,4,4,3,0
CHEMBL2111540,-9.49906746787,16.9586501129,4,3,4,4,0,1,0,4,3,1,2,3,2,4,2,0,1,0,1,2,3,1,2,2
CHEMBL2112955,7.40125552949,-9.70559920346,3,0,3,3,2,0,3,3,0,1,3,4,2,3,3,3,2,2,2,3,0,0,3,4
CHEMBL2112956,6.42768201079,-8.48717802106,3,0,3,3,2,0,3,3,0,1,3,4,2,3,3,3,2,2,2,3,0,0,3,4
CHEMBL2112957,7.0059779589,-6.73927655141,3,0,3,3,2,0,3,3,0,1,3,4,2,3,3,3,2,2,2,3,0,0,3,4
CHEMBL2112958,7.22498341766,-7.0592690486,3,0,3,3,2,0,3,3,0,1,3,4,2,3,3,3,2,2,2,3,0,0,3,4
CHEMBL2112959,2.00985405552,-2.43257240089,3,0,3,3,2,0,3,3,0,1,3,4,2,3,3,3,2,2,2,3,0,0,3,4
CHEMBL2112961,7.22506845496,-6.96978255149,3,0,3,3,2,0,3,3,0,1,3,4,2,3,3,3,2,2,2,3,0,0,3,4
CHEMBL2114064,-8.5384377042,18.0914234465,4,3,4,4,0,1,0,4,3,1,2,3,2,4,2,0,1,0,1,2,3,1,2,2
CHEMBL2114066,-9.49841046675,16.9504391273,4,3,4,4,0,1,0,4,3,1,2,3,2,4,2,0,1,0,1,2,3,1,2,2
CHEMBL2114067,-9.50907966526,19.7881372136,4,3,4,4,0,1,0,4,3,1,2,3,0,3,0,2,1,0,1,2,3,1,2,2
CHEMBL2114068,-6.94481227066,21.8791792092,4,3,4,4,0,1,0,4,3,1,2,3,0,3,1,2,1,0,1,2,3,1,2,2
CHEMBL2115126,-8.53898649645,18.1266995334,4,3,4,4,0,1,0,4,3,1,2,3,2,4,2,0,1,0,1,2,3,1,2,2
CHEMBL2115127,-9.50912175227,19.7881762092,4,3,4,4,0,1,0,4,3,1,2,3,0,3,0,2,1,0,1,2,3,1,2,2
CHEMBL2115128,-5.37535979475,20.1240239533,4,3,4,4,0,1,0,4,3,1,2,3,0,3,1,2,1,0,1,2,3,1,2,2
CHEMBL211976,7.38807743372,-3.41985038714,3,4,3,3,2,0,3,3,0,1,3,4,2,3,3,3,2,2,2,3,0,0,3,4
CHEMBL212141,6.13108474094,-3.03765476417,3,4,3,3,2,4,3,3,0,1,3,4,2,3,3,3,2,2,2,3,0,0,3,4
CHEMBL212645,5.95068027514,-3.75614538845,3,4,3,3,2,0,3,3,0,1,3,4,2,4,3,3,2,2,2,3,0,0,3,4
CHEMBL21321,13.8614179504,-5.44180630329,0,3,3,1,1,3,0,2,2,0,1,2,1,1,1,4,0,2,2,3,2,0,1,3
CHEMBL21328,16.4164806419,-6.3563501867,1,3,0,0,3,4,2,1,2,0,1,0,1,3,1,1,0,2,2,0,2,0,1,1
CHEMBL213709,6.36837254764,-3.9984065261,3,4,3,3,2,0,3,3,0,1,3,4,2,3,3,3,2,2,2,3,0,0,3,4
CHEMBL214029,6.99089914277,-3.34700278053,3,4,3,3,2,0,3,3,0,1,3,4,2,4,3,3,2,2,2,3,0,0,3,4
CHEMBL214342,6.17840492779,-3.73301074189,3,4,3,3,2,0,3,3,0,1,3,4,2,3,3,3,2,2,2,3,0,0,3,4
CHEMBL214642,7.306570136,-3.86184707509,3,4,3,3,2,0,3,3,0,1,3,4,2,3,3,3,2,2,2,3,0,0,3,4
CHEMBL214898,5.9183672139,-4.6246737468,3,4,3,3,2,0,3,3,0,1,3,4,2,4,3,3,2,2,2,3,0,0,3,4
CHEMBL21508,16.7763144082,-4.82539525992,1,3,0,0,3,2,2,1,2,0,1,0,1,3,1,1,0,2,2,0,2,0,1,1
CHEMBL21509,16.782608204,-4.83314500984,1,3,0,0,3,2,2,1,2,0,1,0,1,3,1,1,0,2,2,0,2,0,1,1
CHEMBL215180,6.83359559416,-3.80422364506,3,4,3,3,2,0,3,3,0,1,3,4,2,4,3,3,2,2,2,3,0,0,3,4
CHEMBL215189,5.94858735596,-4.60223974546,3,4,3,3,2,0,3,3,0,1,3,4,2,4,3,3,2,2,2,3,0,0,3,4
CHEMBL21536,8.68881229589,-19.1621266907,1,3,2,1,3,4,2,0,4,2,4,0,3,1,4,2,4,4,3,0,1,3,4,0
CHEMBL215894,7.8446769427,-4.59322351633,3,4,3,3,2,0,3,3,0,1,3,4,2,3,3,3,2,2,2,3,0,0,3,4
CHEMBL216927,11.2863787729,-18.6601589688,1,3,2,3,3,2,2,1,4,2,4,3,3,1,4,4,4,4,3,4,1,3,4,1
CHEMBL216928,12.3500525764,-19.1513599921,1,3,2,3,3,2,2,1,4,4,4,3,3,4,4,4,4,4,3,4,1,4,4,1
CHEMBL216983,11.2816807575,-19.5140941608,1,3,2,1,3,2,2,0,4,2,4,0,3,4,4,2,4,4,3,0,1,3,4,0
CHEMBL21716,13.8813015496,-5.43056679737,0,3,3,1,1,3,0,2,2,0,1,2,1,1,1,4,0,2,2,3,2,0,1,3
CHEMBL2172285,14.5027586455,-13.976364272,3,1,2,4,2,4,3,3,4,3,4,4,3,4,4,4,2,1,4,4,1,0,3,4
CHEMBL2172286,14.5351954642,-14.0179997199,3,1,2,4,2,4,3,3,4,3,4,4,3,4,4,4,2,1,4,4,1,0,3,4
CHEMBL21731,-3.58462932913,12.2867308841,4,4,4,4,3,4,4,4,0,4,3,4,2,3,2,0,0,4,3,4,0,4,4,4
CHEMBL218755,11.2863785451,-18.6601636811,1,3,2,3,3,2,2,1,4,2,4,3,3,1,4,4,4,4,3,4,1,3,4,2
CHEMBL219118,21.8226082455,15.2120054515,1,1,2,3,4,4,4,1,4,4,4,3,3,4,4,4,4,4,4,4,1,4,4,1
CHEMBL21937,16.7086692059,-6.15403601847,1,3,0,0,3,4,2,1,2,0,1,0,1,1,1,1,0,2,2,0,2,0,1,1
CHEMBL219825,14.2055805447,10.347517923,2,2,2,2,1,4,4,1,1,2,3,1,2,3,2,0,4,3,4,0,0,1,4,1
CHEMBL220095,11.8151763393,-9.87192620716,4,1,4,4,2,0,3,3,4,3,4,4,1,2,1,3,2,1,4,4,1,0,3,4
CHEMBL220553,16.4802510717,12.1717449286,2,2,2,2,1,0,4,2,1,2,3,1,4,0,3,4,4,3,4,1,4,4,4,1
CHEMBL2205812,-4.50455126218,16.308749905,4,2,4,4,0,1,0,4,3,3,2,3,2,3,2,0,1,3,1,3,4,2,1,4
CHEMBL2205823,-4.49446584603,16.2686628455,4,2,4,4,0,1,0,4,3,3,2,3,2,3,2,0,1,3,1,3,4,2,1,2
CHEMBL2205827,-4.49391040276,16.2748841367,4,2,4,4,0,1,0,4,3,3,2,3,2,3,2,0,1,3,1,3,4,2,1,2
CHEMBL2206333,11.009442432,-9.75475188881,4,1,4,4,2,4,4,4,0,1,2,3,1,2,1,3,2,1,4,4,1,4,3,4
CHEMBL2206335,3.18582225984,-6.73145690804,0,3,1,1,2,1,4,4,0,1,2,3,0,3,1,3,2,0,1,2,1,4,3,4
CHEMBL22108,23.2806485933,-8.86458695666,1,3,0,0,3,2,2,1,2,0,1,0,1,3,1,1,0,2,2,0,2,2,0,1
CHEMBL229429,4.81625939885,2.34312448291,4,4,4,4,4,4,4,1,4,4,1,1,4,4,4,1,4,4,4,1,4,4,1,1
CHEMBL2311547,-18.6264988264,14.4830616672,0,3,1,1,4,3,1,2,2,0,2,2,0,1,0,2,1,0,1,1,2,2,2,3
CHEMBL2311976,-20.0512476248,17.0948055472,0,3,1,1,4,3,1,2,2,0,2,2,0,3,0,2,1,0,1,1,2,2,2,3
CHEMBL2311977,-20.0719771173,16.878653933,0,3,1,1,4,3,1,2,2,0,2,2,0,3,0,2,1,0,1,1,2,2,2,3
CHEMBL2311978,-19.2250009621,10.4920422186,0,0,1,1,4,3,1,2,2,0,2,2,0,3,0,2,1,0,1,1,2,2,2,3
CHEMBL2311979,-20.0872850586,17.1678724687,0,0,1,1,4,3,1,2,2,0,2,2,0,3,0,2,1,0,1,1,2,2,2,3
CHEMBL2311980,-22.9112866445,10.5008184844,0,3,1,1,4,3,1,2,2,0,2,2,0,3,0,2,1,0,1,1,2,2,2,3
CHEMBL2311981,-22.9846961753,10.4594754106,0,3,1,1,4,3,1,2,2,0,2,2,0,2,0,2,1,0,1,1,2,2,2,3
CHEMBL2311982,-22.5460467375,10.7132189656,4,1,4,4,4,3,1,2,2,0,2,2,0,3,0,3,1,0,1,1,2,2,2,3
CHEMBL2311983,-17.2136512861,13.9590832094,0,3,1,1,4,3,1,2,2,0,2,2,0,3,0,2,1,0,1,1,2,2,2,3
CHEMBL2312344,-17.2879635288,12.2765989137,0,0,1,1,4,3,1,2,2,0,2,2,0,3,0,2,1,0,1,1,2,2,2,3
CHEMBL2312345,-17.312157273,11.2625250398,0,0,1,1,4,3,1,2,2,0,2,2,1,1,1,2,1,0,1,1,2,4,2,3
CHEMBL2312346,-20.1615215798,13.657018823,0,3,1,1,4,3,1,2,2,0,2,2,0,3,0,2,1,0,1,1,2,2,2,3
CHEMBL2312347,-20.2916134417,13.2297148032,0,3,1,1,4,3,1,2,2,0,2,2,0,3,0,2,1,0,1,1,2,2,2,3
CHEMBL2312348,-20.1238666858,12.7110927222,0,3,1,1,4,3,1,2,2,0,2,2,0,3,0,2,1,0,1,1,2,2,2,3
CHEMBL2312349,-18.5320129208,15.8258136414,0,3,1,1,4,3,1,2,2,0,2,2,0,3,0,2,1,0,1,1,2,2,2,3
CHEMBL2312350,-20.3038836035,11.357955278,0,0,1,1,4,3,1,2,2,0,2,2,0,1,0,2,1,0,1,1,2,2,2,3
CHEMBL2312351,-18.8593217769,11.9379038451,0,0,1,1,4,3,1,2,2,0,2,2,0,1,0,2,1,0,1,1,2,2,2,3
CHEMBL2312352,-18.496609623,11.9539344088,0,0,1,1,4,3,1,2,2,0,2,2,0,1,0,2,1,0,1,1,2,2,2,3
CHEMBL2312353,-18.412266344,12.8451735487,0,3,1,1,4,3,1,2,2,0,2,2,0,3,0,2,1,0,1,1,2,2,2,3
CHEMBL2312354,-18.2270075825,12.6710699595,0,3,1,1,4,3,1,2,2,0,2,2,0,3,0,2,1,0,1,1,2,2,2,3
CHEMBL2312355,-18.2853691582,14.5106212932,0,3,1,1,4,3,1,2,2,0,2,2,0,1,0,2,1,0,1,1,2,2,2,3
CHEMBL2312356,-18.460187305,13.2199504002,0,3,1,1,4,3,1,2,2,0,2,2,0,3,0,2,1,0,1,1,2,2,2,3
CHEMBL2312357,-18.1682171278,14.6534081306,0,3,1,1,4,3,1,2,2,0,2,2,0,3,0,2,1,0,1,1,2,2,2,3
CHEMBL2312358,-19.250271257,13.8985357144,0,3,1,1,4,3,1,2,2,0,2,2,0,3,0,2,1,0,1,1,2,2,2,3
CHEMBL2312359,-20.4482602401,15.1709179826,0,3,1,1,4,3,1,2,2,0,2,2,0,3,0,2,1,0,1,1,2,2,2,3
CHEMBL2312360,-20.4650663245,15.2866593223,0,3,1,1,4,3,1,2,2,0,2,2,0,3,0,2,1,0,1,1,2,2,2,3
CHEMBL2312361,-18.6571197883,11.8900146196,0,0,1,1,4,3,1,2,2,0,2,2,0,3,0,2,1,0,1,1,2,2,2,3
CHEMBL2312362,-19.639134825,10.8869997594,0,0,1,1,4,3,1,2,2,0,2,2,0,3,0,2,1,0,1,1,2,2,2,3
CHEMBL2312363,-19.6744030303,10.839170188,0,0,1,1,4,3,1,2,2,0,2,2,0,3,0,2,1,0,1,1,2,2,2,3
CHEMBL2312364,-19.0758266884,15.779810226,0,3,1,1,4,3,1,2,2,0,2,2,0,3,0,2,1,0,1,1,2,2,2,3
CHEMBL2312365,-18.274757181,11.2257879499,0,0,1,1,4,3,1,2,2,0,2,2,0,3,0,2,1,0,1,1,2,2,2,3
CHEMBL2312366,-18.5296520587,11.4831270908,0,0,1,1,4,3,1,2,2,0,2,2,0,3,0,2,1,0,1,1,2,2,2,3
CHEMBL2312367,-20.124104477,13.6306953394,0,3,1,1,4,3,1,2,2,0,2,2,0,1,0,2,1,0,1,1,2,2,2,3
CHEMBL2312368,-21.1626173378,12.8336510438,4,1,1,1,4,3,1,2,2,0,2,2,0,3,0,2,1,0,1,1,2,2,2,3
CHEMBL2312369,-19.9038017648,13.248547643,0,3,1,1,4,3,1,2,2,0,2,2,0,3,0,2,1,0,1,1,2,2,2,3
CHEMBL2312370,-20.0117018179,13.5719895589,0,3,1,1,4,3,1,2,2,0,2,2,0,1,0,2,1,0,1,1,2,2,2,3
CHEMBL2312371,-18.9788214825,13.5727213472,0,3,1,1,4,3,1,2,2,0,2,2,0,3,0,2,1,0,1,1,2,2,2,3
CHEMBL2312372,-22.58877335,13.8754448887,0,3,1,1,4,3,1,2,2,0,2,2,0,3,0,2,1,0,1,1,2,2,2,3
CHEMBL2312373,-22.5305694577,13.8678517567,0,3,1,1,4,3,1,2,2,0,2,2,0,3,0,2,1,0,1,1,2,2,2,3
CHEMBL2312374,-22.7428936285,13.4360285786,4,3,1,1,4,3,1,2,2,0,2,2,0,3,0,2,1,0,1,1,2,2,2,3
CHEMBL2312375,-21.8248508779,13.0675356183,4,1,1,1,4,3,1,2,2,0,2,2,0,3,0,2,1,0,1,1,2,2,2,3
CHEMBL2312376,-20.0899590934,11.3529325912,0,0,1,1,4,3,1,2,2,0,2,2,0,3,0,2,1,0,1,1,2,2,2,3
CHEMBL2312377,-22.5946508556,15.1270296863,0,0,1,1,4,3,1,2,2,0,2,2,0,3,0,2,1,0,1,1,2,2,2,3
CHEMBL2312378,-22.7386670762,16.2808145637,0,0,1,1,4,3,1,2,2,0,2,2,0,3,0,2,1,0,1,1,2,2,2,3
CHEMBL2312379,-21.4814524091,14.1399658883,0,3,1,1,4,3,1,2,2,0,2,2,0,1,0,2,1,0,1,1,2,2,2,3
CHEMBL2312380,-22.2555993688,14.6823425478,0,3,1,1,4,3,1,2,2,0,2,2,0,3,0,2,1,0,1,1,2,2,2,3
CHEMBL2312381,-22.8358996779,13.0325546766,0,3,1,1,4,3,1,2,2,0,2,2,0,3,0,2,1,0,1,1,2,2,2,3
CHEMBL2312382,-23.8569172601,14.193241605,0,3,1,1,4,3,1,2,2,0,2,2,0,1,0,2,1,0,1,1,2,2,2,3
CHEMBL2312383,-23.3448177304,13.994783462,0,3,1,1,4,3,1,2,2,0,2,2,0,1,0,2,1,0,1,1,2,2,2,3
CHEMBL2312384,-23.6528499545,13.2780360434,0,3,1,1,4,3,1,2,2,0,2,2,1,3,1,2,1,0,1,1,2,2,2,3
CHEMBL2312385,-19.9205649965,15.1640664003,0,3,1,1,4,3,1,2,2,0,2,2,0,3,0,2,1,0,1,1,2,2,2,3
CHEMBL2312386,-21.5804370907,13.9843996281,0,3,1,1,4,3,1,2,2,0,2,2,0,3,0,2,1,0,1,1,2,2,2,3
CHEMBL2312387,-22.1745678469,16.0374299914,0,3,1,1,4,3,1,2,2,0,2,2,0,3,0,2,1,0,1,1,2,2,2,3
CHEMBL2312388,-22.209237786,16.5539413967,0,3,1,1,4,3,1,2,2,0,2,2,0,3,0,2,1,0,1,1,2,2,2,3
CHEMBL2312389,-21.3563869296,16.3752125152,0,3,1,1,4,3,1,2,2,0,2,2,0,3,0,2,1,0,1,1,2,2,2,3
CHEMBL2312390,-21.6426437029,16.9247067116,0,3,1,1,4,3,1,2,2,0,2,2,0,3,0,2,1,0,1,1,2,2,2,3
CHEMBL2312391,-22.5870313617,13.6077322382,0,3,1,1,4,3,1,2,2,0,2,2,0,3,0,2,1,0,1,1,2,2,2,3
CHEMBL2312392,-22.0357912263,13.7854459964,0,3,1,1,4,3,1,2,2,0,2,2,0,1,0,2,1,0,1,1,2,2,2,3
CHEMBL233198,-15.0553729698,5.06877687978,3,3,3,4,0,2,4,4,2,0,1,2,2,3,2,0,0,1,2,4,3,1,2,3
CHEMBL233199,-14.3802384097,4.87162511169,3,3,3,4,0,2,4,4,2,0,1,2,2,3,2,0,0,1,2,4,3,1,2,3
CHEMBL233200,-14.583440002,5.47654831191,3,3,3,4,0,2,4,4,2,0,1,2,2,3,2,0,0,1,2,4,3,1,2,3
CHEMBL233201,-12.4622925465,4.43951798787,3,3,3,4,0,2,4,4,2,0,1,2,2,3,2,0,0,1,2,4,3,1,2,3
CHEMBL233202,-13.3044443462,5.64441672768,3,3,3,4,0,2,4,4,2,0,1,2,1,3,1,0,0,1,2,4,3,1,2,3
CHEMBL2335158,-1.48568752193,2.59908991244,2,0,0,1,4,4,4,0,3,4,3,0,3,4,4,2,0,1,2,0,1,4,0,0
CHEMBL234252,-9.03017043883,5.4983250585,3,3,3,4,0,2,4,4,2,0,1,2,2,3,2,0,0,1,2,4,3,1,2,3
CHEMBL234253,-15.0050571169,4.87813824049,3,3,3,4,0,2,4,4,2,0,1,2,2,3,2,0,0,1,2,4,3,1,2,3
CHEMBL234254,-14.240317722,4.9657079802,3,3,3,4,0,2,4,4,2,0,1,2,2,3,2,0,0,1,2,4,3,1,2,3
CHEMBL234257,-12.2819151793,5.71613016851,3,3,3,4,0,2,4,4,2,0,1,2,2,3,2,0,0,1,2,4,3,1,2,3
CHEMBL234258,-12.323677072,4.33773738316,3,3,3,4,0,2,4,4,2,0,1,2,2,3,2,0,0,1,2,4,3,1,2,3
CHEMBL234438,-11.3613282795,1.56813094992,3,3,3,4,0,2,4,4,2,0,1,2,2,3,2,0,0,1,2,4,3,1,2,3
CHEMBL234439,-12.8847200469,5.08669236247,3,3,3,4,0,2,4,4,2,0,1,2,2,3,2,0,0,1,2,4,3,1,2,3
CHEMBL234440,-12.4580563801,3.78710873372,3,3,3,4,0,2,4,4,2,0,1,2,2,3,2,0,0,1,2,4,3,1,2,3
CHEMBL2368390,13.1261726216,-13.3339223087,3,1,2,4,2,4,3,3,4,3,4,4,3,4,4,4,2,1,4,4,1,0,3,4
CHEMBL2368391,14.9570765594,-12.9549316284,3,1,2,4,2,4,3,3,4,3,4,4,3,4,4,4,2,1,4,4,1,0,3,4
CHEMBL2368392,13.1256898147,-13.3164935154,3,1,2,4,2,4,3,3,4,3,4,4,3,4,4,4,2,1,4,4,1,0,3,4
CHEMBL2368393,12.0442295631,-13.396526086,3,0,2,4,2,4,3,3,4,3,4,4,3,4,4,4,2,1,4,4,1,0,3,4
CHEMBL2368394,13.3393054864,-13.5845741585,3,0,2,4,2,4,3,3,4,3,4,4,3,4,4,4,2,1,4,4,1,0,3,4
CHEMBL2377261,-8.62595915197,-14.45095972,3,3,1,1,1,3,1,0,0,1,0,0,0,3,0,2,1,0,0,0,0,1,0,0
CHEMBL2377262,-7.9676324688,-10.5089145723,3,2,1,1,4,3,4,0,3,4,4,0,0,1,0,2,1,0,0,0,1,4,3,0
CHEMBL2377264,-8.51366557071,-13.7226099684,3,3,1,1,4,3,1,0,0,4,0,0,1,3,0,2,1,0,0,0,4,4,0,0
CHEMBL2377266,-1.30668561535,18.9046623197,4,4,4,4,4,4,4,4,3,4,4,4,1,1,1,4,2,4,4,4,1,4,4,4
CHEMBL2377267,-6.06683738316,-15.8803932978,3,2,1,1,1,3,1,2,0,4,4,4,0,3,3,3,1,0,0,4,0,1,4,4
CHEMBL2377269,-6.35192233479,-14.5043990636,3,2,1,1,1,3,1,0,0,1,0,0,0,3,0,2,1,0,0,0,4,4,0,0
CHEMBL2377387,-8.82425947484,-14.0196036827,3,3,1,1,4,3,1,0,0,4,0,0,3,3,0,2,1,0,0,0,0,4,0,0
CHEMBL2377388,-9.76856016388,-15.7362902179,3,3,1,1,1,3,1,0,0,1,0,0,0,3,0,2,1,0,0,0,0,1,0,0
CHEMBL2377392,-5.15596780216,-14.2458775849,3,3,1,1,1,3,1,0,0,4,0,0,0,3,0,2,1,0,0,0,4,4,0,0
CHEMBL2391541,1.38237430305,18.6783621921,4,0,0,4,3,3,2,1,3,3,2,3,3,4,2,0,2,4,0,1,1,4,0,1
CHEMBL24083,-13.1686812949,-6.7886111195,2,3,0,0,4,4,4,4,3,4,0,2,3,1,4,1,3,3,2,2,3,2,0,2
CHEMBL242345,-7.71390559063,3.70524437846,0,3,1,2,0,1,0,4,0,1,2,3,2,3,2,0,1,0,1,4,1,2,3,4
CHEMBL2432039,-8.05532210496,8.24925305892,4,4,4,4,0,1,0,4,1,4,4,4,4,0,4,4,3,4,4,4,4,4,4,4
CHEMBL2432040,8.51017451948,8.84538504978,4,2,4,4,1,4,1,4,3,3,4,4,0,3,1,3,3,3,4,4,4,2,4,4
CHEMBL2432054,10.3038042214,7.58054766675,4,2,4,4,1,4,1,4,3,3,4,4,0,3,1,3,3,3,4,4,4,2,4,4
CHEMBL24369,-5.1893858675,-16.4572308133,3,3,1,1,1,3,1,0,0,1,0,0,0,3,0,2,1,0,0,0,0,1,0,0
CHEMBL2441750,18.6570931741,13.4617212314,2,2,2,2,4,4,4,2,4,3,3,1,4,0,3,4,4,3,0,1,4,2,0,1
CHEMBL2441751,18.6571550576,13.4617042362,2,2,2,2,4,4,4,2,4,3,3,1,4,0,3,4,4,3,0,1,4,2,0,1
CHEMBL2441752,19.5867735625,12.1380213953,2,2,2,2,4,4,4,2,4,3,3,1,4,0,3,4,4,3,0,1,4,2,0,1
CHEMBL2441753,19.5867732742,12.1380219751,2,2,2,2,4,4,4,2,4,3,3,1,4,0,3,4,4,3,0,1,4,2,0,1
CHEMBL2441754,17.7547461331,12.6914131307,2,2,2,2,4,4,4,2,4,3,3,1,4,0,3,4,4,3,0,1,4,2,0,1
CHEMBL2441755,17.7548510571,12.6868712108,2,2,2,2,4,4,4,2,4,3,3,1,4,0,3,4,4,3,0,1,4,2,0,1
CHEMBL2441756,18.6025299986,11.2902229872,2,2,2,2,4,4,4,2,4,3,3,1,4,0,3,4,4,3,0,1,4,2,0,1
CHEMBL2441757,18.5994602073,11.290223281,2,2,2,2,4,4,4,2,4,3,3,1,4,0,3,4,4,3,0,1,4,2,0,1
CHEMBL2441758,15.2469051902,13.6867073594,2,2,2,2,1,2,4,0,1,2,3,0,4,0,3,0,4,4,4,0,4,4,4,0
CHEMBL2441759,19.9433695932,7.20260842344,2,2,2,2,1,2,4,0,4,3,4,0,4,0,3,0,4,4,4,0,4,4,4,0
CHEMBL2441760,14.9986047789,13.7735457507,2,2,2,2,1,0,4,2,1,2,3,1,4,0,3,4,4,3,4,1,4,4,4,1
CHEMBL2441761,14.9986377046,13.7736286924,2,2,2,2,1,0,4,2,1,2,3,1,4,0,3,4,4,3,4,1,4,4,4,1
CHEMBL2449003,15.1527072041,5.65100818505,2,3,2,2,1,3,1,2,1,2,1,1,0,3,0,2,3,2,3,1,4,3,3,2
CHEMBL246794,-8.14796869228,3.17349089923,0,3,1,3,2,4,4,4,3,4,3,4,0,3,0,2,1,4,2,4,2,4,3,4
CHEMBL250403,-3.24018239953,-8.27986980202,0,3,1,1,4,3,4,0,0,4,3,0,2,3,2,2,3,4,4,0,3,4,4,0
CHEMBL252258,-2.58597031983,9.8719657752,4,0,4,3,2,1,3,3,4,4,4,4,2,3,3,3,3,4,4,4,4,4,4,4
CHEMBL25564,-13.2675059835,-7.67204794386,2,0,0,0,0,1,0,4,3,4,0,2,3,1,4,1,3,3,2,2,3,2,0,2
CHEMBL258905,18.7119483884,8.50765895293,2,2,2,2,1,4,4,0,4,4,4,0,4,0,4,0,4,3,4,0,4,4,4,0
CHEMBL258906,18.7105699143,8.50931313621,2,2,2,2,1,4,4,0,4,4,4,0,4,0,4,0,4,3,4,0,4,4,4,0
CHEMBL258907,18.7097954885,8.50803006749,2,2,2,2,1,4,4,0,4,4,4,0,4,0,4,0,4,3,4,0,4,4,4,0
CHEMBL259131,20.9072237168,9.62099344971,2,2,2,2,1,4,4,0,4,3,4,0,4,0,4,0,4,3,4,0,4,4,4,0
CHEMBL259344,18.7075637538,8.50926289902,2,2,2,2,1,4,4,0,4,4,4,0,4,0,4,0,4,3,4,0,4,4,4,0
CHEMBL259662,20.738439397,11.0277980773,4,2,4,1,4,2,4,0,4,3,4,0,4,0,4,2,4,3,4,0,4,0,4,0
CHEMBL263040,-9.70739732528,-24.0819132563,3,0,3,3,2,0,3,3,0,1,0,4,2,3,3,3,2,2,0,2,0,1,1,3
CHEMBL263555,1.22361900541,13.8547326184,0,0,0,0,0,1,0,4,4,3,4,4,2,3,3,3,1,4,2,3,3,1,2,3
CHEMBL26505,-7.35574640984,-15.3527764656,3,3,1,1,1,3,1,0,0,1,0,0,0,3,0,2,1,0,0,0,0,1,0,0
CHEMBL265256,15.6065064513,-12.0560828642,0,3,1,3,2,4,3,3,4,3,4,4,1,3,1,3,2,1,4,4,1,0,3,4
CHEMBL271108,11.1880628185,-13.6525489914,3,1,2,4,2,0,3,3,2,2,4,4,3,4,4,4,3,1,4,4,1,4,3,4
CHEMBL275104,11.4814313763,-3.16296001371,3,1,4,3,2,4,3,4,4,4,4,1,4,0,3,4,4,3,4,1,4,4,4,1
CHEMBL275914,7.92983789263,-5.24683723413,3,0,3,3,2,0,3,3,0,1,3,4,2,3,3,3,2,2,2,3,0,0,3,4
CHEMBL27673,-10.830453586,1.36046099027,0,4,1,2,0,2,0,4,0,1,2,3,4,2,2,0,1,0,1,4,1,2,3,4
CHEMBL277642,10.4511084874,15.9343843233,2,3,2,2,1,0,1,2,1,4,3,2,4,0,3,4,4,3,4,3,4,3,3,2
CHEMBL278074,13.8332083355,-5.44082347876,0,3,3,1,1,3,0,2,2,0,1,2,1,1,1,4,0,2,2,3,2,0,1,3
CHEMBL278129,15.2890638727,-5.12751821347,0,3,0,0,4,2,2,1,2,0,1,0,1,1,1,1,0,2,2,0,2,0,1,1
CHEMBL278819,-12.939418892,-6.38329561424,2,3,0,0,4,4,4,4,3,4,0,2,3,1,4,1,3,3,2,2,3,2,0,2
CHEMBL279225,16.619963028,-6.05855131999,1,3,0,0,3,4,2,1,2,0,1,0,1,3,1,1,0,2,2,0,2,0,1,1
CHEMBL279453,16.0588668978,-12.6705345662,0,3,1,3,2,4,3,3,4,3,4,4,1,3,1,3,2,1,4,4,1,0,3,4
CHEMBL279520,16.5403350515,-6.52402501294,1,3,0,0,3,4,2,1,2,0,1,0,1,1,1,1,0,2,2,0,2,0,1,1
CHEMBL27979,5.79600464789,11.2007631363,0,3,1,3,0,2,4,4,4,4,4,4,0,2,0,2,1,4,2,3,3,4,4,4
CHEMBL280220,0.248422452101,23.6490505662,0,0,1,3,4,3,4,4,3,3,2,3,0,2,0,2,2,4,1,3,2,0,1,3
CHEMBL280684,15.3405433212,-5.12659482979,0,3,0,0,4,2,2,1,2,0,1,0,1,1,1,1,0,2,2,0,2,0,1,1
CHEMBL281350,-0.54701425906,9.64651219241,0,0,1,3,4,1,4,4,3,3,4,4,1,2,1,3,1,3,2,3,3,4,4,4
CHEMBL281456,-15.3046914417,-1.63858685704,2,0,0,0,0,1,0,4,3,4,0,2,3,1,4,1,3,3,2,2,3,2,0,2
CHEMBL282829,1.81185611483,4.11978211705,2,0,0,0,4,4,4,4,3,3,3,3,3,4,4,1,1,3,2,4,1,3,1,3
CHEMBL283036,1.81711347938,4.15307258805,2,0,0,0,4,4,4,4,3,3,3,3,3,4,4,1,1,3,2,4,1,3,1,3
CHEMBL283320,16.4735552199,-6.66642684796,1,3,0,0,3,4,2,1,2,0,1,0,1,1,1,1,0,2,2,0,2,0,1,1
CHEMBL284137,-4.37021975431,-14.8501873644,3,3,1,1,1,3,1,0,0,1,0,0,0,3,0,2,1,0,0,0,0,1,0,0
CHEMBL285440,-2.68958816854,-15.1853092268,3,3,1,1,1,3,1,0,0,1,0,0,0,3,0,2,1,0,0,0,0,1,0,0
CHEMBL285898,-6.60517520999,-15.2452185134,3,3,1,1,1,3,1,0,0,1,0,0,0,3,0,2,1,0,0,0,0,1,0,0
CHEMBL286008,-3.69384517196,-15.1083412734,3,3,1,1,1,3,1,0,0,1,0,0,0,3,0,2,1,0,0,0,0,1,0,0
CHEMBL287671,2.00361178167,4.04284487912,2,0,0,0,4,4,4,4,3,3,3,3,3,4,4,1,1,3,2,4,1,3,1,3
CHEMBL287834,-6.21196235183,-4.91322858196,3,3,3,1,1,1,0,0,1,2,0,1,4,0,3,0,3,1,3,1,4,3,1,1
CHEMBL287868,-8.94373449061,-12.3880884834,2,3,2,2,1,3,1,2,0,4,1,4,0,3,0,2,3,0,0,3,0,1,4,4
CHEMBL28833,1.78773375742,4.13094853311,2,0,0,0,4,4,4,4,3,3,3,3,3,4,4,1,1,3,2,4,1,3,1,3
CHEMBL289894,-0.850080545947,-1.4741413393,3,3,3,1,1,1,0,0,1,2,3,1,4,0,3,0,3,1,3,1,4,3,1,1
CHEMBL290715,-5.49155558561,0.894922730959,3,3,3,1,1,4,0,0,1,2,0,1,4,0,3,0,3,1,3,1,4,3,1,1
CHEMBL291280,-5.97619708912,-3.85344495562,3,3,3,1,1,4,0,0,1,2,0,1,4,0,3,0,3,1,3,1,4,3,1,1
CHEMBL291339,-0.977714917435,-5.48604868471,0,0,1,3,1,1,0,0,1,2,0,1,1,1,2,1,4,3,3,1,1,1,0,1
CHEMBL291562,8.93352332635,15.444769,2,3,2,2,1,0,1,2,1,4,3,2,4,0,3,4,4,3,4,3,4,3,3,2
CHEMBL292222,0.0593194355835,-2.57484213701,0,0,1,3,1,1,0,0,1,2,0,1,1,3,2,1,4,3,3,1,1,1,0,1
CHEMBL292408,-2.88377327503,-4.33443508724,0,0,1,3,1,1,0,0,1,2,0,1,1,3,2,1,4,3,3,1,1,1,0,1
CHEMBL292574,-0.665549820765,-2.63767628783,0,0,1,3,1,1,0,0,1,2,0,1,1,3,2,1,4,3,3,1,1,1,0,1
CHEMBL293345,-0.526631425103,-2.07745688697,0,0,1,3,1,1,0,0,1,2,0,1,1,1,2,1,4,3,3,1,1,1,0,1
CHEMBL294273,-9.84919346824,13.6895344654,2,3,2,2,1,3,1,2,1,3,0,1,4,0,3,4,3,1,0,1,4,3,0,1
CHEMBL294663,8.93352346511,15.4447689841,2,3,2,2,1,0,1,2,1,4,3,2,4,0,3,4,4,3,4,3,4,3,3,2
CHEMBL294951,26.9098349867,-7.37776876375,1,3,0,0,0,2,2,1,2,0,1,4,1,3,1,3,0,1,3,1,2,1,3,3
CHEMBL295124,-21.8860223191,6.2552708872,0,0,1,2,4,4,4,4,3,3,4,4,3,4,4,1,2,3,4,4,2,4,3,4
CHEMBL296419,-20.2987865938,1.53922140661,2,0,0,0,0,1,0,4,3,2,2,4,3,4,4,1,3,1,3,3,3,3,3,4
CHEMBL297690,-0.23022403734,-4.41294513435,1,0,1,3,1,1,0,0,1,2,0,1,1,1,2,1,4,3,3,1,1,1,0,1
CHEMBL29808,2.038757729,4.03242794055,2,0,0,0,4,4,4,4,3,3,3,3,3,4,4,1,1,3,2,4,1,3,1,3
CHEMBL299294,-23.856117557,-4.31242037837,2,3,0,0,3,4,2,4,3,1,0,2,3,3,4,1,0,1,2,1,1,0,0,2
CHEMBL30008,-5.5335967844,9.45476445967,2,0,0,0,4,4,4,4,0,2,1,3,2,3,3,0,1,2,1,2,3,4,1,3
CHEMBL300998,-1.29314841177,-4.20791706908,0,0,1,3,1,1,0,0,1,2,0,1,1,3,2,1,4,3,3,1,1,1,0,1
CHEMBL301670,10.5004435402,15.9401021002,2,3,2,2,1,0,1,2,1,4,3,2,4,0,3,4,4,3,4,3,4,3,3,2
CHEMBL301826,-0.658633439145,-2.47599281403,2,3,2,2,1,3,0,2,1,2,0,4,4,0,3,4,4,3,4,4,4,4,4,4
CHEMBL302145,-6.95183733458,-21.5428501426,3,4,3,3,2,0,3,3,0,1,0,1,2,4,3,3,2,2,0,2,0,1,1,2
CHEMBL302720,-6.95296808042,-21.5567182668,3,4,3,3,2,0,3,3,0,1,0,1,2,4,3,3,2,2,0,2,0,1,1,2
CHEMBL302809,-10.3450192354,-23.2781644643,3,0,3,3,2,0,3,3,0,1,0,4,2,3,3,3,2,2,0,2,0,1,1,3
CHEMBL303443,-13.8890352864,20.4162033854,4,1,4,4,4,4,4,4,3,1,2,1,1,3,0,3,1,0,1,2,3,1,1,2
CHEMBL305531,-8.71084194612,-23.3609109044,3,2,3,3,2,0,3,3,0,1,0,4,2,3,3,3,2,2,0,2,0,1,1,3
CHEMBL305607,-7.90284292274,21.7739921186,4,1,4,4,0,1,0,4,3,4,2,3,0,2,0,3,1,0,1,2,3,4,2,4
CHEMBL305660,1.65876793352,-7.36908511843,3,3,3,3,2,1,4,4,0,1,2,4,0,3,0,2,2,0,1,2,1,4,3,4
CHEMBL305906,-1.69842700967,-7.23181136296,4,3,4,1,4,4,4,0,0,4,4,0,3,4,4,2,3,4,4,0,4,4,4,0
CHEMBL306462,-10.0210348232,10.1755598777,0,1,1,1,1,1,1,4,4,3,2,3,4,0,3,4,4,3,3,4,4,0,1,3
CHEMBL306903,-7.45693893729,-23.8615221756,3,4,3,3,2,0,3,3,0,1,0,4,2,4,3,3,2,2,0,2,0,1,1,3
CHEMBL30713,5.69655797313,6.76994731519,4,4,0,4,4,4,2,1,3,3,2,3,4,4,2,0,2,4,0,1,2,4,0,1
CHEMBL307234,-7.74254065265,22.9162071676,4,1,4,4,0,1,0,4,3,4,2,3,0,2,0,3,1,0,1,2,3,4,2,4
CHEMBL307554,-7.02062061481,-21.5356674741,3,4,3,3,2,0,3,3,0,1,0,4,2,4,3,3,2,2,0,2,0,1,1,3
CHEMBL307628,-2.26512256672,-11.5130083471,3,0,3,2,1,3,1,2,0,1,0,3,0,3,3,3,1,0,1,2,0,1,4,2
CHEMBL307668,-2.96933580633,-11.1280126111,3,0,3,2,1,0,1,2,0,1,0,3,0,3,3,3,1,0,1,2,0,1,4,2
CHEMBL307810,-10.5968889832,17.8372975725,4,3,4,4,0,1,0,4,3,1,2,3,2,3,2,0,1,0,1,2,3,1,2,2
CHEMBL3084650,13.3289884962,3.20112013287,4,3,4,3,0,1,0,4,1,2,1,1,2,4,2,0,3,2,3,2,0,0,1,0
CHEMBL3084662,10.2415036857,3.99470702195,4,3,4,3,0,1,0,4,1,2,1,1,2,3,2,0,3,2,3,2,0,0,1,0
CHEMBL3084679,13.3049096641,4.06182976137,4,3,4,3,0,1,0,4,1,2,1,1,2,3,2,0,3,2,3,2,0,0,1,0
CHEMBL3085018,7.09942132546,6.33683077783,4,0,4,3,0,1,0,4,1,2,1,3,3,4,4,1,3,2,3,2,3,2,2,4
CHEMBL3085019,9.708297664,5.94334771044,4,0,4,3,0,1,0,4,1,2,1,1,2,3,2,0,3,2,3,2,3,2,2,0
CHEMBL3085023,8.57020807965,6.20125452165,4,0,4,3,0,1,0,4,1,2,1,1,2,4,2,0,3,2,3,2,3,2,2,0
CHEMBL3085024,8.86001653097,3.91222228872,4,0,4,3,0,1,0,4,1,2,1,1,3,3,2,0,3,2,3,2,3,2,2,0
CHEMBL3085025,9.32843274512,5.14379038294,4,0,4,3,0,1,0,4,1,2,1,1,3,3,2,0,3,2,3,2,3,2,2,0
CHEMBL3085027,8.76423532595,6.10923306494,4,4,4,3,0,1,0,4,1,2,1,1,2,4,2,0,3,2,3,2,3,2,2,0
CHEMBL3085028,8.87462816583,6.24094421367,4,0,4,3,0,1,0,4,1,2,1,1,2,4,2,0,3,2,3,2,3,2,2,0
CHEMBL3085029,8.35684347215,6.74290930934,4,0,4,3,0,1,0,4,1,2,1,1,2,3,2,0,3,2,3,2,3,2,2,0
CHEMBL3085030,8.27177755498,6.84885126932,4,0,4,3,0,1,0,4,1,2,1,3,2,3,2,4,3,2,3,2,3,2,2,4
CHEMBL3085031,8.19555696667,6.41834061259,4,0,4,3,0,1,0,4,1,2,1,3,2,4,3,3,3,2,3,2,3,2,2,4
CHEMBL3085032,8.74254058709,4.69332226962,4,0,4,3,0,1,0,4,1,2,1,1,3,3,2,0,3,2,3,2,3,2,2,0
CHEMBL3085033,9.79695258234,5.87258878711,4,0,4,3,0,1,0,4,1,2,1,1,2,3,2,0,3,2,3,2,3,4,2,0
CHEMBL3085495,-0.273639214954,-11.5443266739,3,3,3,3,1,1,0,1,0,4,0,3,2,3,2,0,2,4,0,3,0,1,3,4
CHEMBL308566,-7.73192267639,23.1770766418,4,1,4,4,0,1,0,4,3,4,2,3,0,2,0,3,1,0,1,2,3,4,2,4
CHEMBL308707,-6.4689471908,-10.8652721345,3,2,1,1,1,3,1,0,0,1,0,0,2,3,0,2,1,4,0,0,0,4,0,0
CHEMBL308924,-16.8691470196,9.76976617977,0,3,1,1,1,1,1,4,4,3,2,3,4,0,3,4,4,3,3,4,4,0,1,3
CHEMBL309172,-6.38050307882,-13.2399137494,3,2,1,1,1,3,1,0,0,1,0,0,0,3,0,2,1,0,0,0,4,4,0,0
CHEMBL3092753,5.7487064035,-0.625883704124,4,4,4,4,4,4,4,4,3,3,1,2,4,4,4,4,2,4,2,3,3,2,0,2
CHEMBL3104091,-17.2178782462,-7.86890402029,1,3,0,0,3,2,2,4,2,3,3,4,3,4,4,1,0,3,3,4,2,4,3,4
CHEMBL3104092,-17.2318697356,-7.87423222316,1,3,0,0,3,2,2,4,2,3,3,4,3,4,4,1,0,3,3,4,2,4,3,4
CHEMBL3104093,-17.2320439695,-7.87689787861,1,3,0,0,3,2,2,4,2,3,3,4,3,4,4,1,0,3,3,4,2,4,3,4
CHEMBL310558,-8.79121305525,13.1069944366,2,4,2,2,1,0,1,2,1,3,0,1,4,0,3,4,3,1,0,1,4,3,0,1
CHEMBL310912,-12.1082813068,19.1750018257,4,1,4,4,0,1,0,4,3,1,2,1,1,3,0,3,1,0,1,2,3,1,1,2
CHEMBL311795,0.894223049455,13.8667050273,0,0,0,0,0,1,0,4,4,3,4,4,2,3,3,3,1,4,2,3,3,1,2,3
CHEMBL312085,-12.8239937051,19.580554197,4,1,4,4,0,1,0,4,3,1,2,1,1,3,0,3,1,0,1,2,3,1,1,2
CHEMBL312344,1.25268055762,13.8313980328,0,0,0,0,0,1,0,4,4,3,4,4,2,3,3,3,1,4,2,3,3,1,2,3
CHEMBL313738,-9.36474998919,13.4254070596,2,3,2,2,1,0,1,2,1,3,0,1,4,0,3,2,3,1,0,1,4,3,0,1
CHEMBL3139188,6.21694129573,-0.0916891913548,4,4,4,4,4,4,4,4,3,3,1,2,4,4,4,4,2,4,2,3,3,2,0,2
CHEMBL314493,-10.3484852111,13.1234130988,2,4,2,2,1,0,1,2,1,3,0,1,4,0,3,4,3,1,0,1,4,3,0,1
CHEMBL315428,-10.114775232,11.740869288,4,4,2,2,1,0,1,2,1,3,0,1,2,1,0,2,3,1,0,1,4,3,0,1
CHEMBL317757,-18.7881488252,3.8660070785,2,3,2,3,0,1,0,4,0,4,2,1,2,3,2,0,3,4,3,2,3,2,2,0
CHEMBL318995,1.10458370882,23.4415025078,0,0,1,3,4,3,4,4,3,3,2,3,0,2,0,2,2,4,1,3,2,0,1,3
CHEMBL320465,0.540998352768,22.28635406,0,0,1,3,4,3,4,4,3,3,2,3,0,2,0,2,2,4,1,3,2,0,1,3
CHEMBL320820,18.8260793882,9.28893258714,4,2,4,2,4,2,4,0,4,4,4,0,4,0,4,0,4,3,4,0,4,0,4,0
CHEMBL322251,0.367218902792,13.9789689211,0,0,0,0,0,1,0,4,4,3,4,4,2,3,3,3,1,4,2,3,3,1,2,3
CHEMBL326450,0.57710554644,22.4305170618,0,0,1,3,4,3,4,4,3,3,2,3,0,2,0,2,2,4,1,3,2,0,1,3
CHEMBL3290012,-16.5613383524,-4.78468919047,4,1,4,4,2,1,4,4,3,3,4,4,3,4,4,4,3,2,3,4,2,0,4,4
CHEMBL3350062,11.7891327483,11.2812789473,2,1,2,2,1,4,4,0,1,2,3,0,4,0,3,0,4,3,4,0,4,4,4,0
CHEMBL3350063,11.4474362537,11.6168426241,2,1,2,2,1,4,4,0,1,2,3,0,4,0,3,0,4,3,4,0,4,4,4,0
CHEMBL3350064,11.6613277539,11.6393551182,2,1,2,2,1,4,4,0,1,2,3,0,4,0,3,0,4,3,4,0,4,4,4,0
CHEMBL3350391,9.34689267606,5.76883671492,4,0,4,3,0,1,0,4,1,2,1,1,2,3,2,0,3,2,3,2,3,2,2,0
CHEMBL3351103,11.6719009539,11.6223639576,2,1,2,2,1,4,4,0,1,2,3,0,4,0,3,0,4,3,4,0,4,4,4,0
CHEMBL3351104,11.8101304938,11.2893623525,2,1,2,2,1,4,4,0,1,2,3,0,4,0,3,0,4,3,4,0,4,4,4,0
CHEMBL3351105,11.4474437132,11.6168585195,2,1,2,2,1,4,4,0,1,2,3,0,4,0,3,0,4,3,4,0,4,4,4,0
CHEMBL3354065,3.53410684528,-10.1754453641,0,0,1,3,2,0,3,3,0,2,4,3,0,3,1,3,2,1,3,4,1,3,4,3
CHEMBL3354066,6.22217336473,-12.5341823223,1,3,2,3,2,0,3,3,0,2,4,3,1,1,1,4,2,1,3,4,1,3,4,3
CHEMBL3354067,6.14500192107,-12.5180623353,1,3,2,3,2,0,3,3,0,2,4,3,1,1,1,4,2,1,3,4,1,3,4,3
CHEMBL3354068,6.14500216351,-12.5180484247,1,3,2,3,2,0,3,3,0,2,4,3,1,1,1,4,2,1,3,4,1,3,4,3
CHEMBL3354069,6.1443375864,-12.5166517516,1,3,2,3,2,0,3,3,0,2,4,3,1,1,1,4,2,1,3,4,1,3,4,3
CHEMBL3354070,6.14500213452,-12.5180480952,1,3,2,3,2,0,3,3,0,2,4,3,1,1,1,4,2,1,3,4,1,3,4,3
CHEMBL3354071,6.14500207751,-12.5180480249,1,3,2,3,2,0,3,3,0,2,4,3,1,1,1,4,2,1,3,4,1,3,4,3
CHEMBL3354072,4.46162808707,-10.4793205759,0,0,1,3,2,0,3,3,0,2,4,3,2,3,1,3,2,1,3,4,1,3,4,3
CHEMBL3354073,4.27985005666,-10.5152030217,0,0,1,3,2,0,3,3,0,2,4,3,2,3,1,3,2,1,3,4,1,3,4,3
CHEMBL3354074,4.28068756573,-10.4996222949,0,0,1,3,2,0,3,3,0,2,4,3,2,3,1,3,2,1,3,4,1,3,4,3
CHEMBL3354075,4.25551025291,-10.4992788415,0,0,1,3,2,0,3,3,0,2,4,3,2,3,1,3,2,1,3,4,1,3,4,3
CHEMBL3354076,4.27810368968,-10.5151170574,0,0,1,3,2,0,3,3,0,2,4,3,2,3,1,3,2,1,3,4,1,3,4,3
CHEMBL3354077,4.28206661012,-10.4944568851,0,0,1,3,2,0,3,3,0,2,4,3,2,3,1,3,2,1,3,4,1,3,4,3
CHEMBL3354078,3.62108529222,-10.4512254476,0,0,1,3,2,0,3,3,0,2,4,3,2,3,1,3,2,1,3,4,1,3,4,3
CHEMBL335542,11.074358747,-19.3915553083,1,3,2,3,3,2,2,1,4,2,4,3,3,1,4,4,4,4,3,4,1,3,4,2
CHEMBL336933,9.27630939694,-22.0380347092,1,0,2,3,3,4,2,1,4,2,4,3,3,4,4,4,4,4,3,4,1,3,4,2
CHEMBL337131,9.99494206325,-22.8249624466,1,0,2,3,3,2,2,1,4,2,4,3,3,4,4,4,4,4,3,4,1,3,4,2
CHEMBL3409256,-2.39187406791,4.23830674187,4,1,4,4,4,4,4,4,3,4,3,4,4,4,4,4,1,0,2,4,1,4,4,4
CHEMBL341476,-14.4069505144,-14.4526511331,3,1,3,1,0,1,0,0,4,3,4,0,3,3,3,0,3,1,3,1,3,3,4,0
CHEMBL341759,9.09707720197,-22.5540383293,1,0,2,3,3,2,2,1,4,2,4,3,3,4,4,4,4,4,3,4,1,3,4,2
CHEMBL342958,-15.94036912,-13.8169729819,3,1,3,1,0,1,0,0,4,3,4,0,3,1,3,0,3,1,3,1,3,3,4,0
CHEMBL343055,10.2990084675,-22.3912171287,1,0,2,3,3,2,2,1,4,2,4,3,3,4,4,4,4,4,3,4,1,3,4,2
CHEMBL343182,-6.85925216892,-1.26883924392,3,3,3,1,1,1,0,0,1,4,3,0,4,0,3,0,3,1,3,1,4,4,4,0
CHEMBL343236,-8.24957906194,0.123084363925,3,3,3,1,1,1,0,0,0,2,2,0,1,3,2,0,3,4,3,1,4,2,4,0
CHEMBL343242,-7.79207677859,-3.51382255592,3,3,3,1,1,1,0,0,1,1,3,0,2,3,2,0,3,1,3,1,0,0,4,0
CHEMBL343449,-5.59491039535,-26.0896341225,3,0,3,3,2,0,3,3,0,1,0,1,2,4,3,3,2,2,0,2,0,1,1,2
CHEMBL343644,-1.42409509123,-26.3803817875,3,2,3,3,2,0,3,3,0,1,0,1,2,3,3,3,2,2,0,2,0,1,1,2
CHEMBL343659,-1.67451654135,-22.352782034,3,2,3,3,2,0,3,3,0,1,0,1,2,3,3,3,2,2,0,2,0,1,1,2
CHEMBL343697,-11.1017658528,-0.042752985212,3,3,3,1,1,1,0,0,0,2,2,0,4,4,1,0,3,4,3,1,4,2,4,0
CHEMBL344327,-16.0712164731,-14.173747488,3,1,3,1,0,1,0,0,4,3,4,0,3,1,3,0,3,1,3,1,3,3,4,0
CHEMBL344568,-7.46222983592,-4.10078371581,3,1,3,1,1,1,0,0,1,1,3,0,2,3,2,0,3,1,3,1,0,0,0,0
CHEMBL345985,-1.9233719505,-20.9144025638,3,2,3,3,2,0,3,3,0,1,0,1,2,3,3,3,2,2,0,2,0,1,1,2
CHEMBL346194,-1.5073192742,-22.3603307508,3,0,3,3,2,0,3,3,0,1,0,1,2,3,3,3,2,2,0,2,0,1,1,2
CHEMBL352375,22.9829309223,-10.1622590544,1,3,0,0,3,2,2,1,2,0,1,0,1,3,1,1,0,2,2,0,2,2,0,1
CHEMBL352404,24.571708082,-9.07049795007,1,3,0,0,3,2,2,1,2,0,1,0,1,3,1,1,0,2,2,0,2,2,0,1
CHEMBL352596,13.2904508531,20.2343333493,2,3,2,2,1,0,1,2,1,4,3,2,4,0,3,4,4,3,4,3,4,3,3,2
CHEMBL352618,12.7074092324,20.499082182,2,3,2,2,1,0,1,2,1,4,3,2,4,0,3,4,4,3,4,3,4,3,3,2
CHEMBL352723,23.8414630156,-8.77120459,1,3,0,0,3,2,2,1,2,0,1,0,1,3,1,1,0,2,2,0,2,2,0,1
CHEMBL352756,11.1212168024,20.0043363207,2,3,2,2,1,0,1,2,1,4,3,2,0,3,0,2,4,3,4,3,4,3,3,2
CHEMBL352779,19.6679387726,-6.48295270474,1,3,0,0,3,4,2,1,2,0,1,0,1,3,1,1,0,2,2,0,2,0,0,1
CHEMBL352966,23.3228685688,-8.63352077476,1,3,0,0,3,2,2,1,2,0,1,0,1,3,1,1,0,2,2,0,2,2,0,1
CHEMBL353290,23.65146576,-8.75787193384,1,3,0,0,3,2,2,1,2,0,1,0,1,3,1,1,0,2,2,0,2,2,0,1
CHEMBL353311,11.7728737655,19.4478698565,2,4,2,4,1,0,1,2,1,4,3,2,4,0,3,4,4,3,4,3,4,3,3,2
CHEMBL354482,-25.2764253074,-4.40145991248,2,3,0,0,3,4,2,4,3,1,0,2,3,4,4,1,0,1,2,1,1,0,0,2
CHEMBL354523,21.9373189528,-7.9978540824,1,3,0,0,3,2,2,1,2,0,1,0,1,3,1,1,0,2,2,0,2,2,0,1
CHEMBL354636,11.1217144669,20.7828737136,2,3,2,2,1,0,1,2,1,4,3,2,4,0,3,4,4,3,4,3,4,3,3,2
CHEMBL354678,22.7518095977,-7.76490037731,1,3,0,0,3,2,2,1,2,0,1,0,1,3,1,1,0,2,2,0,2,2,0,1
CHEMBL354841,23.232210306,-8.76351676943,1,3,0,0,3,2,2,1,2,0,1,0,1,3,1,1,0,2,2,0,2,2,0,1
CHEMBL354934,13.2063299694,21.1889436491,2,3,2,2,1,0,1,2,1,4,3,2,4,0,3,4,4,3,4,3,4,3,3,2
CHEMBL355193,12.0667051179,21.8532985071,2,3,2,2,1,0,1,2,1,4,3,2,4,0,3,4,4,3,4,3,4,3,3,2
CHEMBL355392,23.6351699655,-10.5409575,1,3,0,0,3,1,2,1,2,0,1,2,1,3,1,1,0,2,2,1,2,2,0,4
CHEMBL355455,23.6061342171,-10.4271949595,1,0,0,0,3,2,2,1,2,0,1,2,1,3,1,1,0,2,2,1,2,2,0,1
CHEMBL355475,12.1008736823,20.0194854134,2,3,2,2,1,0,1,2,1,4,3,2,4,0,3,4,4,3,4,3,4,3,3,2
CHEMBL355560,22.1745270348,-6.25137870325,1,3,0,0,3,2,2,1,2,0,1,0,1,3,1,1,0,2,2,0,2,0,0,1
CHEMBL355769,23.0728982245,-10.0519149484,1,3,0,0,3,2,2,1,2,0,1,0,1,3,1,1,0,2,2,0,2,2,0,1
CHEMBL355851,19.5241071456,-4.54118005589,1,3,0,0,3,4,2,1,2,0,1,0,1,3,1,1,0,2,2,0,2,0,0,1
CHEMBL355854,11.5861867303,17.944045707,2,3,2,2,1,0,1,2,1,4,3,2,4,0,3,4,4,3,4,3,4,3,3,2
CHEMBL356181,-6.03849745738,-26.3907977725,3,0,3,3,2,0,3,3,0,1,0,1,2,4,3,3,2,2,0,2,0,1,1,2
CHEMBL356305,-0.866433008139,-20.3757030197,3,2,3,3,2,0,3,3,0,1,0,1,2,3,3,3,2,2,0,2,0,1,1,2
CHEMBL356321,-15.3255416956,-14.8585090715,3,1,3,1,0,1,0,0,4,3,4,0,3,1,3,0,3,1,3,1,3,3,4,0
CHEMBL356505,-5.56465954832,-24.9652991188,3,0,3,3,2,0,3,3,0,1,0,1,2,1,3,3,2,2,0,2,0,1,1,2
CHEMBL357200,-8.92639306275,-3.4996666911,3,1,3,1,1,1,0,0,1,1,3,0,2,3,2,0,3,1,3,1,0,0,4,0
CHEMBL357404,-9.13537088923,-2.18377639269,3,1,3,1,1,1,0,0,1,1,3,0,2,3,2,0,3,1,3,1,0,4,4,0
CHEMBL357444,-16.0900965239,-15.1962114043,3,1,3,1,0,1,0,0,4,3,4,0,1,3,3,0,3,1,3,1,3,3,4,0
CHEMBL358193,-0.933252221568,-20.4636183666,3,2,3,3,2,0,3,3,0,1,0,1,2,3,3,3,2,2,0,2,0,1,1,2
CHEMBL358289,-2.87079090837,-21.4179801298,3,0,3,3,2,0,3,3,0,1,0,1,2,4,3,3,2,2,0,2,0,1,1,2
CHEMBL358493,-10.8087937591,-5.88122420022,3,1,3,1,1,1,0,0,1,3,0,0,4,4,4,0,3,1,3,1,0,3,0,0
CHEMBL358505,-9.42954010738,-3.321845908,3,1,3,1,1,1,0,0,1,1,3,0,2,4,2,0,3,1,3,1,0,0,4,0
CHEMBL358726,-0.361913623289,-21.3412758444,3,2,3,3,2,0,3,3,0,1,0,1,2,3,3,3,2,2,0,2,0,1,1,2
CHEMBL359027,-16.0403162102,-14.1395059337,3,1,3,1,0,1,0,0,4,3,4,0,3,1,3,0,3,1,3,1,3,3,4,1
CHEMBL359197,-0.844795485801,-21.8723613231,3,2,3,3,2,0,3,3,0,1,0,1,2,3,3,3,2,2,0,2,0,1,1,2
CHEMBL359220,-2.08414009831,-25.8273043792,3,2,3,3,2,0,3,3,0,1,0,1,2,3,3,3,2,2,0,2,0,1,1,2
CHEMBL359847,11.3246734844,18.2205116271,2,3,2,2,1,0,1,2,1,4,3,2,4,0,3,4,4,3,4,3,4,3,3,2
CHEMBL360055,-12.1191467724,6.23588396602,3,3,1,1,4,2,1,0,2,4,0,0,4,2,0,2,3,4,0,0,3,4,0,0
CHEMBL360154,7.27835538236,19.2371976132,2,3,2,2,1,0,1,2,1,4,3,2,4,0,3,4,4,3,4,3,4,3,3,2
CHEMBL360904,11.2222949295,16.4025245047,2,4,2,2,1,0,1,2,1,4,3,2,4,0,3,4,4,3,4,3,4,3,3,2
CHEMBL360988,9.66528379709,15.7336696726,2,3,2,2,1,0,1,2,1,4,3,2,4,0,3,4,4,3,4,3,4,3,3,2
CHEMBL365093,12.5349088226,-14.1287635905,3,1,2,4,2,4,3,4,4,3,4,4,3,4,4,4,2,1,4,4,1,0,3,4
CHEMBL365702,13.6506709867,-13.3603137797,3,1,2,4,2,4,3,3,4,3,4,4,3,4,4,4,2,1,4,4,1,0,3,4
CHEMBL366640,14.0195154975,20.5642208395,2,3,2,2,1,0,1,2,1,4,3,2,4,0,3,4,4,3,4,3,4,3,3,2
CHEMBL366819,11.4389232455,21.1178531237,2,3,2,2,1,0,1,2,1,4,3,2,4,0,3,4,4,3,4,3,4,3,3,2
CHEMBL368990,13.3217854946,19.0345878284,2,3,2,2,1,0,1,2,1,4,3,2,4,0,3,4,4,3,4,3,4,3,3,2
CHEMBL369062,6.93765704588,-7.42440141162,3,0,3,3,2,0,3,3,0,1,3,4,2,3,3,3,2,2,2,3,0,0,3,4
CHEMBL369575,23.8366698997,-10.2930628332,1,3,0,0,4,3,2,1,2,0,1,2,1,3,1,1,0,2,2,1,2,2,0,4
CHEMBL370128,-1.64014053268,7.27113436937,0,0,1,3,4,4,4,4,3,3,3,3,0,1,0,2,1,3,2,3,1,2,3,3
CHEMBL370564,11.8733274173,-9.09046592741,4,1,4,4,2,4,4,1,4,4,4,1,1,3,1,3,2,1,0,1,1,4,3,1
CHEMBL372453,-1.50160974231,7.33726455292,0,0,1,3,4,4,4,4,3,3,3,3,0,1,0,2,1,3,2,3,1,2,3,3
CHEMBL373515,13.3372225703,9.52226485219,2,2,2,2,1,4,4,1,1,2,3,1,2,3,2,0,4,3,4,0,0,1,4,1
CHEMBL37372,-8.63662338061,-12.1625808145,3,3,1,1,1,3,1,0,0,1,0,0,0,3,0,2,1,0,0,0,0,1,0,0
CHEMBL373888,11.2869227024,-18.6601193078,1,3,2,3,3,2,2,1,4,2,4,3,3,1,4,4,4,4,3,4,1,3,4,2
CHEMBL375073,12.8917259788,10.3722496808,2,2,2,2,1,4,4,1,1,2,3,1,2,3,2,0,4,4,4,0,0,1,4,1
CHEMBL375340,12.1479896836,-8.92120685367,4,1,4,4,2,4,3,3,4,3,4,4,1,1,1,4,2,1,4,4,1,0,3,4
CHEMBL376255,14.2056418251,10.3475854056,2,2,2,2,1,4,4,1,1,2,3,1,2,3,2,0,4,3,4,0,0,1,4,1
CHEMBL376295,21.82153911,15.2129676531,1,1,2,3,4,4,4,1,4,4,4,3,3,4,4,4,4,4,4,4,1,4,4,1
CHEMBL376870,14.2053691143,10.3472823014,2,2,2,2,1,4,4,1,1,2,3,1,2,3,2,0,4,3,4,0,0,1,4,1
CHEMBL376897,16.9304576063,5.40926760468,2,3,2,2,1,3,1,2,1,2,4,2,1,3,1,2,3,2,3,1,4,3,3,2
CHEMBL377241,-2.20130091073,12.7342612557,3,0,2,4,4,1,4,4,4,4,4,4,3,4,4,1,3,4,4,4,1,4,4,4
CHEMBL378772,6.03096941235,-4.55062270341,3,4,3,3,2,0,3,3,0,1,3,4,2,4,3,3,2,2,2,3,0,0,3,4
CHEMBL378859,7.59305559282,-3.35283243444,3,4,3,3,2,0,3,3,0,1,3,4,2,3,3,3,2,2,2,3,0,0,3,4
CHEMBL378872,7.51947077941,-3.6430048887,3,4,3,3,2,0,3,3,0,1,3,4,2,3,3,3,2,2,2,3,0,0,3,4
CHEMBL378885,7.75701241024,-4.83281626696,3,4,3,3,2,0,3,3,0,1,3,4,2,3,3,3,2,2,2,3,0,0,3,4
CHEMBL38423,-4.53766491791,-1.80568009402,3,3,3,1,1,1,0,0,1,2,3,1,4,0,3,0,3,1,3,1,4,3,1,1
CHEMBL385328,14.2464514292,10.3251116692,2,2,2,2,1,4,4,1,1,2,3,1,2,3,2,0,4,3,4,0,0,1,4,1
CHEMBL386983,11.286638475,-18.6601490487,1,3,2,3,3,2,2,1,4,2,4,3,3,1,4,4,4,4,3,4,1,3,4,2
CHEMBL38756,-3.79357294953,-4.14610810404,3,3,3,1,1,4,0,0,1,2,0,1,4,0,3,0,3,1,3,1,4,3,1,1
CHEMBL391977,-12.4890411497,4.36247036416,3,3,3,4,0,2,4,4,2,0,1,2,2,3,2,0,0,1,2,4,3,1,2,3
CHEMBL392186,-13.1366261911,3.486989921,3,3,3,4,0,2,4,4,2,0,1,2,2,3,2,0,0,1,2,4,3,1,2,3
CHEMBL394137,-12.627366802,4.91557365011,3,3,3,4,0,2,4,4,2,0,1,2,2,3,2,0,0,1,2,4,3,1,2,3
CHEMBL394254,-12.9268490516,6.70869840819,3,3,3,4,0,2,4,4,2,0,1,2,2,3,2,0,0,1,2,4,3,1,2,3
CHEMBL394255,-13.1902206684,5.45255198698,3,3,3,4,0,2,4,4,2,0,1,2,1,3,1,0,0,1,2,4,3,1,2,3
CHEMBL395110,3.13303714473,8.92010435072,1,3,0,0,0,1,2,1,3,2,0,4,2,3,2,0,0,1,3,4,1,2,1,4
CHEMBL39843,-1.96793940094,-1.12977430179,3,3,3,1,1,1,0,0,1,2,0,1,4,0,3,0,3,1,3,1,4,3,1,1
CHEMBL39922,-3.9749535746,-5.54578298223,3,3,3,1,1,4,0,0,1,2,0,1,4,0,3,0,3,1,3,1,4,3,1,1
CHEMBL402473,20.9012355195,8.81428463908,2,2,2,2,1,4,4,0,4,3,4,0,4,0,4,0,4,3,4,0,4,4,4,0
CHEMBL405526,13.0657458315,-10.5974392673,4,1,4,4,2,0,3,3,4,3,4,4,1,2,1,3,2,1,4,4,1,0,3,4
CHEMBL40554,0.74583824229,6.63875104823,4,2,1,1,4,3,1,0,3,4,0,0,4,2,0,2,4,4,0,0,4,4,0,0
CHEMBL407734,4.2051338098,8.99854273358,4,4,0,0,4,4,2,0,3,4,0,1,4,2,2,0,0,4,3,0,1,4,1,0
CHEMBL41,-3.51278621466,12.3220627366,4,4,4,2,4,4,4,1,0,4,3,1,2,3,2,0,2,4,3,1,3,4,4,1
CHEMBL410890,-9.29524531485,-23.8884199058,3,0,3,3,2,0,3,3,0,1,0,4,2,3,3,3,2,2,0,2,0,1,1,3
CHEMBL411,-16.3242068856,8.20334380932,4,4,4,2,4,4,4,1,2,4,4,1,4,3,4,0,3,4,3,1,3,4,4,1
CHEMBL415,2.39189231388,6.92055232488,1,3,0,0,3,2,2,4,3,2,0,4,2,3,2,0,0,1,3,1,1,2,1,4
CHEMBL42,-5.68584970444,4.43984418032,2,0,0,0,4,2,4,1,3,3,4,1,3,3,4,3,0,1,3,1,1,4,3,1
CHEMBL420008,-9.11693774922,22.0192310179,4,1,4,4,0,1,0,4,3,4,2,3,0,2,0,3,1,0,1,2,3,4,2,4
CHEMBL420662,0.583045602224,20.8307193884,0,0,1,3,4,3,4,4,3,3,2,3,0,0,0,2,2,4,1,3,2,0,1,3
CHEMBL421113,-9.66642454476,22.9502456332,4,1,4,4,0,1,0,4,3,4,2,3,0,2,0,3,1,0,1,2,3,4,2,4
CHEMBL421304,-10.5336938668,17.7719099091,4,3,4,4,0,1,0,4,3,1,2,3,2,3,2,0,1,0,1,2,3,1,2,2
CHEMBL422665,-5.65668351481,-26.1943992404,3,0,3,3,2,0,3,3,0,1,0,1,2,4,3,3,2,2,0,2,0,1,1,2
CHEMBL422770,-9.81325774323,22.4020476409,4,1,4,4,0,1,0,4,3,4,2,3,0,2,0,3,1,0,1,2,3,4,2,4
CHEMBL423438,12.4425201767,21.4741374345,2,3,2,2,1,0,1,2,1,4,3,2,4,0,3,4,4,3,4,3,4,3,3,2
CHEMBL423746,-8.66062776947,-2.33739116223,3,3,3,1,1,1,0,0,1,1,3,0,2,3,2,0,3,1,3,1,0,0,4,0
CHEMBL423831,23.1677927788,-6.52893116839,1,3,0,0,3,2,2,1,2,0,1,0,1,3,1,1,0,2,2,0,2,4,0,1
CHEMBL424214,16.1687939144,-6.82167025578,1,3,0,0,3,4,3,4,2,0,1,4,1,3,1,3,0,2,2,3,2,0,1,3
CHEMBL424416,-8.36237327283,-22.5928302124,3,4,3,3,2,0,3,3,0,1,0,4,2,4,3,3,2,2,0,2,0,1,1,3
CHEMBL426032,11.2756472694,21.1605554959,2,3,2,2,1,0,1,2,1,4,3,2,4,0,3,4,4,3,4,3,4,3,3,2
CHEMBL427145,11.7445692225,18.0026517382,2,4,2,2,1,0,1,2,1,4,3,2,4,0,3,4,4,3,4,3,4,3,3,2
CHEMBL430587,8.9332384492,15.4440653361,2,3,2,2,1,0,1,2,1,4,3,2,4,0,3,4,4,3,4,3,4,3,3,2
CHEMBL43064,-5.28200901392,10.4751900479,2,0,0,0,4,4,4,4,0,2,1,3,2,3,3,0,1,2,1,2,3,4,1,3
CHEMBL431787,-9.98670677565,17.6455297206,4,1,4,4,0,1,0,4,3,1,2,3,0,3,2,0,1,0,1,2,3,1,2,2
CHEMBL432170,1.2938878473,13.8622936522,0,0,0,0,0,1,0,4,4,3,4,4,2,3,3,3,1,4,2,3,3,1,2,3
CHEMBL433566,10.4606174151,15.9024752225,2,3,2,2,1,0,1,2,1,4,3,2,4,0,3,4,4,3,4,3,4,3,3,2
CHEMBL434684,22.0117115052,-10.610302069,1,0,0,0,3,2,2,1,2,0,1,0,1,3,1,1,0,2,2,0,2,2,0,1
CHEMBL435353,-12.4468929693,2.84247899888,3,3,3,4,0,2,4,4,2,0,1,2,2,3,2,0,0,1,2,4,3,1,2,3
CHEMBL438822,7.46547085423,-4.72895784833,3,4,3,3,2,0,3,3,0,1,3,4,2,4,3,3,2,2,2,3,0,0,3,4
CHEMBL440138,-9.52411064974,13.756737539,2,3,2,2,1,3,1,2,1,3,0,1,4,0,3,4,3,1,0,1,4,3,0,1
CHEMBL440491,-7.65691360429,23.2957234017,4,1,4,4,0,1,0,4,3,4,2,3,0,2,0,3,1,0,1,2,3,4,2,4
CHEMBL440686,-4.9517749738,-11.9000400197,3,2,1,1,1,3,1,0,0,1,0,0,0,3,0,2,1,0,0,0,0,4,0,0
CHEMBL443267,-10.4089386574,-23.3739677279,3,0,3,3,2,0,3,3,0,1,0,4,2,3,3,3,2,2,0,2,0,1,1,3
CHEMBL443780,-5.55948927682,-15.2498623482,3,3,1,1,1,3,1,0,0,1,0,0,0,3,0,2,1,0,0,0,0,1,0,0
CHEMBL445,19.3359523197,-1.35497145642,4,4,0,4,3,4,2,1,2,0,1,1,1,2,1,3,0,1,2,1,2,1,3,2
CHEMBL445134,12.8790033398,20.853626608,2,3,2,2,1,0,1,2,1,4,3,2,4,0,3,4,4,3,4,3,4,3,3,2
CHEMBL450463,2.94731296147,-17.7355239405,2,3,2,2,0,2,2,0,1,3,0,0,2,3,2,0,4,3,0,0,4,2,0,0
CHEMBL450729,0.064573834043,-17.2490425908,2,3,2,2,0,2,2,0,1,3,0,0,2,3,2,0,4,3,0,0,4,2,0,0
CHEMBL451335,3.95811917103,-18.2262885838,4,4,2,2,0,4,2,0,1,3,0,0,2,4,2,0,4,3,0,0,4,2,0,0
CHEMBL451542,-5.67579204207,-11.5746965537,3,2,1,1,1,3,1,0,0,1,0,0,2,3,0,2,1,0,0,0,0,4,0,0
CHEMBL451821,11.3893942091,15.0619054222,0,3,2,4,2,1,3,3,1,4,4,4,4,0,3,4,4,4,4,4,4,4,4,4
CHEMBL458416,5.87549359939,-17.7611143602,4,4,2,2,0,4,2,0,1,3,0,0,2,4,2,0,4,3,0,0,4,2,0,0
CHEMBL459265,11.7652516867,-8.74532799014,4,4,4,4,4,4,4,1,4,4,4,1,1,4,1,3,3,4,0,1,3,4,3,1
CHEMBL460470,2.86272133204,-14.910464262,2,3,2,2,0,2,2,0,1,3,0,0,2,3,2,0,4,3,0,0,4,2,0,0
CHEMBL461087,3.46241180496,-15.5277734686,4,4,2,2,0,4,2,0,1,3,0,0,2,4,2,0,4,3,0,0,4,2,0,0
CHEMBL461088,3.81876277615,-18.5159723017,4,4,2,2,0,4,2,0,1,3,0,0,2,4,2,0,4,3,0,0,4,2,0,0
CHEMBL461089,2.63432116936,-16.8333509584,4,4,2,2,0,4,2,0,1,3,0,0,2,4,2,0,4,3,0,0,4,2,0,0
CHEMBL461502,3.93562361565,-17.3212284837,2,3,2,2,0,2,2,0,1,3,0,0,2,3,2,0,4,3,0,0,4,2,0,0
CHEMBL461648,-21.4845897741,6.39992265601,4,0,4,4,2,4,3,4,3,4,4,4,3,4,4,1,3,4,4,4,2,4,3,4
CHEMBL461709,2.89240822469,-17.1666376873,2,3,2,2,0,2,2,0,1,3,0,0,2,3,2,0,4,3,0,0,4,2,0,0
CHEMBL467094,-22.0055853027,6.2094508092,0,0,1,2,4,4,4,4,3,3,4,4,2,4,2,0,2,3,4,4,2,4,3,4
CHEMBL476108,1.19903508103,0.560284022323,2,0,0,0,2,4,4,4,0,4,2,4,2,4,3,3,2,0,1,2,1,4,3,4
CHEMBL478226,15.4202128464,-11.3804862273,0,3,1,3,2,4,3,3,4,3,4,4,1,3,1,3,2,1,4,4,1,0,3,4
CHEMBL478227,15.4202597425,-11.3803716181,0,3,1,3,2,4,3,3,4,3,4,4,1,3,1,3,2,1,4,4,1,0,3,4
CHEMBL479,2.3580351871,8.33016390662,1,3,0,0,0,2,2,1,3,2,0,4,2,3,2,0,0,1,3,4,1,2,1,4
CHEMBL481153,-9.47726872971,-10.3610366803,2,3,2,3,4,3,4,2,3,3,4,4,0,4,0,3,0,1,3,4,1,2,1,4
CHEMBL490,-13.8948363749,2.45661345278,4,4,3,2,0,2,4,4,2,4,1,4,2,0,2,4,3,4,4,4,3,4,4,4
CHEMBL493795,11.7677968874,9.08137687376,2,1,2,2,1,4,4,1,1,2,3,1,2,3,2,0,4,3,4,0,0,1,4,1
CHEMBL493979,13.4678380161,12.090014837,2,1,2,2,1,4,4,1,1,2,3,1,2,3,2,0,4,3,4,0,0,1,4,1
CHEMBL493980,13.4678383692,12.0900142147,2,1,2,2,1,4,4,1,1,2,3,1,2,3,2,0,4,3,4,0,0,1,4,1
CHEMBL496915,13.4572857864,12.139175173,2,1,2,2,1,4,4,1,1,2,3,1,2,3,2,0,4,3,4,0,0,1,4,1
CHEMBL499519,-3.01277784782,-7.05493200994,4,1,4,4,1,0,1,2,0,4,4,4,1,2,1,3,3,4,4,4,4,4,3,4
CHEMBL500313,16.4803050685,12.1718452548,2,2,2,2,1,0,4,2,1,2,3,1,4,0,3,4,4,3,4,1,4,4,4,1
CHEMBL501756,-7.15943289712,3.66519630472,0,2,1,2,2,0,3,3,1,4,4,4,0,3,0,2,4,4,4,4,2,4,4,4
CHEMBL505086,3.57100603198,-15.4896078596,4,4,2,2,0,4,2,0,1,3,0,0,2,4,2,0,4,3,0,0,4,2,0,0
CHEMBL513277,2.75273692991,-14.7887503676,2,3,2,2,0,2,2,0,1,3,0,0,2,3,2,0,4,3,0,0,4,2,0,0
CHEMBL516,26.8792305233,-7.34170033104,1,3,0,0,0,2,2,1,2,0,1,1,1,3,1,3,0,1,3,1,2,1,3,3
CHEMBL517712,14.732360472,4.60729249587,2,3,2,2,1,3,1,2,1,2,1,1,0,3,0,2,3,2,3,1,4,3,3,2
CHEMBL519609,-9.14022813484,-9.55015163339,2,3,0,0,4,3,2,0,3,3,0,1,0,1,2,0,0,1,3,0,1,2,1,0
CHEMBL523518,12.316374772,9.22735286792,2,1,2,2,1,4,4,1,1,2,3,1,2,3,2,0,4,3,4,0,0,1,4,1
CHEMBL524061,13.4676635642,12.0901072941,2,1,2,2,1,4,4,1,1,2,3,1,2,3,2,0,4,3,4,0,0,1,4,1
CHEMBL534,26.9079054676,-7.37583093323,1,3,0,0,0,2,2,1,2,0,1,4,1,3,1,3,0,1,3,1,2,1,3,3
CHEMBL53463,5.48881446374,16.1716333059,3,4,3,4,4,4,4,4,4,4,4,4,0,3,3,3,3,4,4,4,2,4,4,4
CHEMBL54,-0.77481766532,2.24871408621,3,3,3,3,2,1,4,4,0,1,2,4,2,3,3,3,2,0,1,2,1,4,3,4
CHEMBL54002,-1.11559853752,-4.21444555178,0,0,1,3,1,1,0,0,1,2,0,1,1,1,2,1,4,3,3,1,1,1,0,1
CHEMBL540982,-22.0015737498,-12.2406485651,1,3,0,0,3,4,2,1,2,0,3,0,3,4,4,1,0,2,2,0,2,3,2,1
CHEMBL541424,18.275304629,8.12438332933,2,1,2,2,1,4,4,0,4,4,4,0,4,0,4,0,4,4,4,0,4,4,4,0
CHEMBL54219,-0.394690588303,-4.47455937691,0,0,1,3,1,1,0,0,1,2,0,1,1,1,2,1,4,3,3,1,1,1,0,1
CHEMBL549599,-19.3891192567,1.72811361828,2,0,0,0,0,1,0,0,3,2,2,2,3,4,4,1,3,1,3,3,3,3,3,2
CHEMBL550,10.545006409,22.0587093148,2,3,2,3,1,3,1,2,1,4,3,4,1,2,1,4,4,4,4,4,4,4,4,4
CHEMBL550818,-19.6185010313,2.10865379234,2,0,0,0,0,1,0,4,3,2,2,4,3,4,4,1,3,1,3,3,3,3,3,4
CHEMBL551888,-19.606799887,2.02622461151,2,0,0,0,0,1,0,4,3,2,2,4,3,4,4,1,3,1,3,3,3,3,3,4
CHEMBL555146,8.09791885608,11.5588670835,2,3,1,2,0,1,2,4,1,4,0,3,1,2,1,3,2,4,0,2,3,4,1,3
CHEMBL556450,-19.3278993911,1.42339202676,2,0,0,0,0,1,0,4,3,2,2,4,3,4,4,1,3,1,3,3,3,3,3,4
CHEMBL556506,23.6399062886,-2.50820998005,1,3,0,0,3,2,2,1,2,0,1,0,1,3,1,1,0,2,2,0,2,2,0,1
CHEMBL55698,10.4511112891,15.9343766086,2,3,2,2,1,0,1,2,1,4,3,2,4,0,3,4,4,3,4,3,4,3,3,2
CHEMBL558933,-19.4963796458,2.25625854829,2,0,0,0,0,1,0,4,3,2,2,4,3,4,4,1,3,1,3,3,3,3,3,4
CHEMBL559251,25.283614795,-4.22731966154,1,3,0,0,3,2,2,1,2,0,1,0,1,3,1,1,0,2,2,0,2,0,0,1
CHEMBL559557,-19.828603746,1.89136252495,2,0,0,0,0,1,0,4,3,2,2,4,3,4,4,1,3,1,3,3,3,3,3,4
CHEMBL560649,20.0356333626,5.73636903164,3,3,1,1,4,3,1,0,4,3,0,0,1,4,0,2,1,0,0,0,4,4,0,0
CHEMBL56106,-1.48195446966,-3.88995029394,0,0,1,3,1,1,0,0,1,4,0,1,1,1,2,1,4,3,3,1,1,1,0,1
CHEMBL561489,-18.5424260546,1.79221883833,2,0,0,0,0,1,0,4,3,2,2,4,3,4,4,1,3,1,3,3,3,3,3,4
CHEMBL56275,10.460617905,15.9024807028,2,3,2,2,1,0,1,2,1,4,3,2,4,0,3,4,4,3,4,3,4,3,3,2
CHEMBL563920,-20.0710796507,-9.40171853595,1,3,0,0,3,2,2,1,2,0,3,0,3,4,4,1,0,2,2,0,2,3,2,1
CHEMBL564,3.5420870087,9.96144281929,1,3,0,0,3,2,2,0,3,2,0,1,2,3,2,0,0,1,3,0,1,2,1,0
CHEMBL564144,-20.8161617169,-11.0165431334,1,3,0,0,3,4,2,1,2,0,3,0,3,1,4,1,0,2,2,0,2,3,2,1
CHEMBL564226,22.8720367645,-4.40731103195,1,3,0,0,3,2,2,1,2,0,1,0,1,3,1,1,0,2,2,0,2,2,0,1
CHEMBL569212,0.591552065858,-15.3876537408,2,2,2,2,1,2,0,1,1,3,0,1,2,3,2,0,4,3,0,1,0,4,0,1
CHEMBL569270,-17.4852100973,2.18294433728,4,4,4,4,4,4,4,4,3,4,4,4,3,4,4,4,3,4,4,4,3,4,4,4
CHEMBL569953,0.59148350983,-15.3879699049,2,2,2,2,1,2,0,1,1,3,0,1,2,3,2,0,4,3,0,1,0,4,0,1
CHEMBL571121,0.56932135017,-15.3911885294,2,2,2,2,1,2,0,1,1,3,0,1,2,3,2,0,4,3,0,1,0,4,0,1
CHEMBL571123,2.27454919424,-14.3056115791,2,3,2,2,0,2,2,1,1,3,0,1,2,3,2,0,4,3,0,1,4,2,0,1
CHEMBL571341,0.573906697688,-15.3894254801,2,2,2,2,1,2,0,1,1,3,0,1,2,3,2,0,4,3,0,1,0,4,0,1
CHEMBL57485,10.4511113602,15.9343765164,2,3,2,2,1,0,1,2,1,4,3,2,4,0,3,4,4,3,4,3,4,3,3,2
CHEMBL576663,2.27131740575,-14.2675479669,2,2,2,2,0,2,2,1,1,3,0,1,2,3,2,0,4,3,0,1,0,4,0,1
CHEMBL576707,1.85335073735,-14.2886759213,2,3,2,2,1,2,0,1,1,3,0,1,2,3,2,0,4,3,0,1,4,2,0,1
CHEMBL58,-3.21940504064,2.9721533068,3,4,3,4,4,4,4,4,4,4,4,4,2,2,4,3,3,4,4,4,2,4,4,4
CHEMBL583051,1.31504299108,-14.5190700237,2,2,2,2,1,2,0,1,1,3,0,1,2,3,2,0,4,3,0,1,0,4,0,1
CHEMBL588119,1.36596973876,-5.52318768784,4,4,1,1,4,4,1,0,0,4,0,0,2,4,0,2,3,4,0,0,4,4,0,0
CHEMBL58824,10.4606178795,15.9024786521,2,3,2,2,1,0,1,2,1,4,3,2,4,0,3,4,4,3,4,3,4,3,3,2
CHEMBL59836,-2.46573142291,-21.6549648657,3,2,3,3,2,0,3,3,0,1,0,1,2,3,3,3,2,2,0,2,0,1,1,2
CHEMBL59898,0.965529519097,21.5616519531,0,0,1,3,4,3,4,4,3,3,2,3,0,2,0,2,2,4,1,3,2,0,1,3
CHEMBL604798,-7.73651545786,-6.22498540972,2,0,0,0,0,1,0,4,1,4,4,4,3,4,4,1,3,4,3,4,3,4,4,4
CHEMBL608151,-3.09853980602,-10.6849762206,4,0,3,4,0,2,4,4,4,4,4,4,2,3,2,0,3,4,4,4,0,4,4,4
CHEMBL629,19.1010498135,-2.80769547005,1,3,0,4,3,2,2,1,2,0,1,1,1,3,1,3,0,1,2,1,2,1,3,2
CHEMBL633,-9.60223175268,-7.90272185537,3,3,1,2,4,3,4,4,1,4,4,4,1,2,1,3,2,4,4,4,2,4,3,4
CHEMBL64000,-8.15690061108,12.381263959,2,4,2,2,1,0,1,2,1,3,0,1,4,0,3,4,3,1,0,1,4,3,0,1
CHEMBL643,3.30047275003,8.81835720623,1,3,0,0,0,2,2,0,3,2,0,1,2,3,2,0,0,1,3,0,1,2,1,0
CHEMBL6437,-3.73704113987,8.23063017786,1,3,0,0,3,2,2,4,3,4,3,4,2,3,2,0,0,4,3,4,1,4,4,4
CHEMBL64779,-15.7469268228,-15.7168210526,3,1,3,1,0,1,0,0,4,3,4,0,3,1,3,0,3,1,3,1,3,3,4,0
CHEMBL648,-5.17037911581,9.41198483846,1,3,0,0,3,2,2,4,0,2,1,3,2,3,2,0,1,2,1,2,3,4,1,3
CHEMBL657,-1.25485585755,-8.99393943502,3,3,1,1,4,2,1,0,0,3,0,0,2,3,0,2,1,0,0,0,3,2,0,0
CHEMBL66322,-8.71760682142,-23.3398475067,3,0,3,3,2,0,3,3,0,1,0,4,2,3,3,3,2,2,0,2,0,1,1,3
CHEMBL66400,-5.95043800772,-19.6899523648,3,0,3,3,2,0,3,3,0,1,0,4,2,3,3,3,2,2,0,2,0,1,1,3
CHEMBL667,21.1832913666,6.0869428086,3,3,1,2,4,2,4,2,4,3,4,2,4,2,3,4,4,4,4,3,4,2,0,2
CHEMBL66820,-9.68282433932,-23.9857192526,3,0,3,3,2,0,3,3,0,1,0,4,2,3,3,3,2,2,0,2,0,1,1,3
CHEMBL67814,-8.49367958625,-22.393155995,3,4,3,3,2,0,3,3,0,1,0,4,2,4,3,3,2,2,0,2,0,1,1,3
CHEMBL67873,-7.46513931118,-23.9243214033,3,4,3,3,2,0,3,3,0,1,0,4,2,4,3,3,2,2,0,2,0,1,1,3
CHEMBL68384,-9.50374186921,-21.8178521481,3,0,3,3,2,0,3,3,0,1,0,4,2,4,3,3,2,2,0,2,0,1,1,3
CHEMBL68584,-9.20115010146,-22.7113022625,3,4,3,3,2,0,3,3,0,1,0,4,2,3,3,3,2,2,0,2,0,1,1,3
CHEMBL68609,-9.55378272848,-22.8029887629,3,4,3,3,2,0,3,3,0,1,0,4,2,3,3,3,2,2,0,2,0,1,1,3
CHEMBL69383,-6.2120032149,-24.0442489608,3,4,3,3,2,0,3,3,0,1,0,1,2,4,3,3,2,2,0,2,0,1,1,2
CHEMBL69402,-9.33970801734,-22.0119293552,3,4,3,3,2,0,3,3,0,1,0,4,2,3,3,3,2,2,0,2,0,1,1,3
CHEMBL69452,-10.3111584704,9.99795764425,0,1,1,1,1,1,1,4,4,3,2,3,0,3,0,2,4,3,3,4,4,0,1,3
CHEMBL69582,-8.65054842516,-22.0977748002,3,0,3,3,2,0,3,3,0,1,0,4,2,3,3,3,2,2,0,2,0,1,1,3
CHEMBL69595,-8.25413222345,18.2275304583,4,1,4,4,0,1,0,4,3,1,2,1,2,2,0,3,1,0,1,2,3,4,2,2
CHEMBL69648,-4.05310798312,-19.5938799528,3,0,3,3,2,0,3,3,0,1,0,4,2,3,3,3,2,2,0,2,0,1,1,3
CHEMBL69678,-4.28884397827,-24.5256513227,3,0,3,3,2,0,3,3,0,1,0,1,2,4,3,3,2,2,0,2,0,1,1,2
CHEMBL69733,-5.97640397715,2.18158222606,0,0,1,2,2,4,0,4,1,4,2,4,0,2,0,2,2,0,1,2,1,4,1,4
CHEMBL69765,-8.91311358486,-24.3456404645,3,0,3,3,2,0,3,3,0,1,0,4,2,3,3,3,2,2,0,2,0,1,1,3
CHEMBL69904,-9.07435508659,-24.4640520256,3,0,3,3,2,0,3,3,0,1,0,4,2,3,3,3,2,2,0,2,0,1,1,3
CHEMBL70464,-10.5321703774,17.7819391815,4,1,4,4,0,1,0,4,3,1,2,3,2,3,2,0,1,0,1,2,3,1,2,2
CHEMBL70531,-13.6279317114,20.3412606082,4,1,4,4,4,4,4,4,3,1,2,1,1,3,0,3,1,0,1,2,3,1,1,2
CHEMBL708,-12.3758423862,-1.71264334264,3,0,2,4,4,4,4,4,3,4,4,4,3,1,4,4,2,1,2,4,1,4,4,4
CHEMBL70828,-8.02886616061,21.0548359771,4,3,4,4,0,1,0,4,3,1,2,3,0,3,1,2,1,0,1,2,3,4,2,2
CHEMBL70848,-7.90077037249,21.7526803347,4,1,4,4,0,1,0,4,3,4,2,3,0,2,0,3,1,0,1,2,3,4,2,4
CHEMBL70860,-7.14428664065,22.8381711077,4,1,4,4,0,1,0,4,3,4,2,3,0,2,0,3,1,0,1,2,3,4,2,4
CHEMBL71,2.47452817622,10.5263960123,1,3,0,0,3,2,2,0,3,2,0,1,2,3,2,0,0,1,3,0,1,2,1,0
CHEMBL71088,-13.5709214179,20.3593590363,4,1,4,4,4,4,4,4,3,1,2,1,1,3,0,3,1,0,1,2,3,1,1,2
CHEMBL71124,-9.54281210021,18.3589649612,4,3,4,4,0,1,0,4,3,1,2,3,2,3,2,0,1,0,1,2,3,1,2,2
CHEMBL71147,-8.94545446592,21.654450058,4,1,4,4,0,1,0,4,3,4,2,3,0,2,0,3,1,0,1,2,3,4,2,4
CHEMBL71431,-3.86326218794,-19.6771432806,3,4,3,3,2,0,3,3,0,1,0,4,2,3,3,3,2,2,0,2,0,1,1,3
CHEMBL71483,-9.4699364602,-23.3202362183,3,0,3,3,2,0,3,3,0,1,0,4,2,3,3,3,2,2,0,2,0,1,1,3
CHEMBL715,-4.46125167848,6.77507903969,1,0,0,0,3,2,2,4,3,3,4,4,3,3,4,3,0,1,3,1,1,4,3,4
CHEMBL71531,-9.70759986286,20.3501306702,4,1,4,4,0,1,0,4,3,4,2,3,0,3,0,3,1,0,1,2,3,4,2,4
CHEMBL716,-7.37027610326,-9.87409546827,2,3,2,0,4,4,4,1,3,4,4,1,3,4,4,3,0,1,3,1,1,4,3,1
CHEMBL71799,-6.37539310637,-23.5490303137,3,4,3,3,2,0,3,3,0,1,0,1,2,4,3,3,2,2,0,2,0,1,1,2
CHEMBL71933,-8.68199962867,-23.9742172489,3,0,3,3,2,0,3,3,0,1,0,4,2,3,3,3,2,2,0,2,0,1,1,3
CHEMBL71971,-8.90411785733,16.9209223854,4,1,4,4,0,1,0,4,3,4,2,1,2,2,0,3,1,0,1,2,3,1,1,2
CHEMBL72219,-5.33851829571,-12.6648993891,3,2,1,1,1,3,1,0,0,1,0,0,0,3,0,2,1,0,0,0,0,1,0,0
CHEMBL72363,-9.6822517489,23.0188320769,4,1,4,4,0,1,0,4,3,4,2,3,0,2,0,3,1,0,1,2,3,4,2,4
CHEMBL72408,-7.96394213479,23.4888292355,4,1,4,4,0,1,0,4,3,4,2,3,0,2,0,3,1,0,1,2,3,4,2,4
CHEMBL72455,-12.689210428,19.4398902402,4,1,4,4,0,1,0,4,3,1,2,1,1,3,0,3,1,0,1,2,3,1,1,2
CHEMBL72494,-9.4011493889,22.1323855139,4,1,4,4,0,1,0,4,3,4,2,3,0,2,0,3,1,0,1,2,3,4,2,4
CHEMBL72506,-7.40931840583,-11.7841206931,3,2,1,1,1,3,1,0,0,1,0,0,2,3,0,2,1,0,0,0,0,4,0,0
CHEMBL72551,-7.90733907781,21.8113494112,4,1,4,4,0,1,0,4,3,4,2,3,0,2,0,3,1,0,1,2,3,4,2,4
CHEMBL726,2.19128231926,9.34644527373,2,3,0,0,4,1,2,1,3,2,0,1,3,3,2,0,0,1,3,1,1,2,1,4
CHEMBL72787,-7.45635511075,21.6663620719,4,1,4,4,0,1,0,4,3,4,2,3,0,2,0,3,1,0,1,2,3,4,2,4
CHEMBL728,2.65098647042,7.72183223112,1,3,0,0,3,2,2,1,3,2,0,1,2,3,2,0,0,1,3,1,1,2,1,4
CHEMBL72956,-12.7116686613,19.3733754521,4,1,4,4,0,1,0,4,3,1,2,1,1,3,0,3,1,0,1,2,3,1,1,2
CHEMBL72957,-7.62486806176,22.9371486623,4,1,4,4,0,1,0,4,3,4,2,3,0,2,0,3,1,0,1,2,3,4,2,4
CHEMBL73017,-2.35026818078,-11.4054596254,3,0,3,2,1,3,1,2,0,1,0,3,0,3,3,3,1,0,1,2,0,1,4,2
CHEMBL7303,24.5455078931,4.57398723908,0,3,1,1,4,2,1,0,4,2,0,0,4,0,3,2,4,4,0,0,2,2,0,0
CHEMBL73145,-13.4921468199,21.0169099563,4,1,4,4,4,4,4,4,3,1,2,1,0,3,0,3,1,0,1,2,3,1,1,2
CHEMBL73234,-5.60829619281,-12.786170212,3,2,1,1,1,3,1,0,0,1,0,0,0,3,0,2,1,0,0,0,0,1,0,0
CHEMBL73245,-9.6597621783,22.7470651925,4,1,4,4,0,1,0,4,3,4,2,3,0,2,0,3,1,0,1,2,3,4,2,4
CHEMBL73341,-9.49841109183,16.9504385917,4,3,4,4,0,1,0,4,3,1,2,3,2,4,2,0,1,0,1,2,3,1,2,2
CHEMBL73410,-13.5654841042,20.3552103903,4,1,4,4,4,4,4,4,3,1,2,1,1,3,0,3,1,0,1,2,3,1,1,2
CHEMBL73501,-3.39747991862,-11.3842736709,3,0,1,1,1,0,1,0,0,1,0,0,0,3,0,2,1,0,0,0,0,1,0,0
CHEMBL73661,-12.8599296646,19.0722038241,4,1,4,4,0,1,0,4,3,1,2,1,1,3,0,3,1,0,1,2,3,1,1,2
CHEMBL73762,-4.89997078204,-12.100646259,3,2,1,1,1,3,1,2,0,1,0,3,0,3,0,2,1,0,0,4,0,1,4,4
CHEMBL73893,-9.62493087556,22.5786527327,4,1,4,4,0,1,0,4,3,4,2,3,0,2,0,3,1,0,1,2,3,4,2,4
CHEMBL74117,-7.89768078663,21.7522232143,4,1,4,4,0,1,0,4,3,4,2,3,0,2,0,3,1,0,1,2,3,4,2,4
CHEMBL74305,-5.36329175079,-12.8940741887,3,2,1,1,1,3,1,0,0,1,0,0,0,3,0,2,1,0,0,0,0,1,0,0
CHEMBL74352,-7.92922948646,23.3990236945,4,1,4,4,0,1,0,4,3,4,2,3,0,2,0,3,1,0,1,2,3,4,2,4
CHEMBL74736,-6.41429496811,-11.7924428327,3,2,1,1,1,3,1,0,0,1,0,0,0,3,0,2,1,0,0,0,0,1,0,0
CHEMBL75217,-5.64340906206,-11.4493670876,3,2,1,1,1,3,1,0,0,1,0,0,0,3,0,2,1,0,0,0,0,1,0,0
CHEMBL75448,-12.577035654,19.4928471416,4,1,4,4,0,1,0,4,3,1,2,1,1,3,0,3,1,0,1,2,3,1,1,2
CHEMBL7568,-9.42950755003,0.916235038136,0,3,1,0,0,2,4,0,3,4,4,1,3,4,4,0,2,4,4,0,2,4,4,0
CHEMBL75880,-9.13599486169,6.0880136584,4,4,4,1,0,2,0,0,1,4,4,1,4,0,4,2,3,4,4,1,4,4,3,1
CHEMBL7634,11.2746791801,-0.838780557056,3,0,4,3,2,4,3,4,4,4,4,1,4,0,3,4,4,3,4,1,4,4,4,1
CHEMBL77793,11.2873800056,-1.08809453908,3,0,4,3,2,4,3,4,4,4,4,1,1,2,1,4,4,3,4,1,4,4,4,1
CHEMBL787,1.42738360976,0.663710224721,4,4,4,4,4,0,4,4,3,4,4,4,3,4,4,4,3,4,4,4,2,4,3,4
CHEMBL79061,1.00372566582,13.6283943034,0,0,0,0,0,1,0,4,4,3,4,4,2,3,3,3,1,4,2,3,3,1,2,3
CHEMBL80251,1.36213646986,13.858969034,0,0,0,0,0,1,0,4,4,3,4,4,2,3,3,3,1,4,2,3,3,1,2,3
CHEMBL808,7.85958174032,1.56001709286,4,0,4,4,4,4,4,4,4,1,4,4,4,4,4,4,3,4,4,4,3,4,2,2
CHEMBL809,8.85190510071,-11.2201276374,4,4,4,4,3,4,4,4,4,4,4,4,3,4,2,0,3,4,4,4,3,4,4,4
CHEMBL82301,0.986787906905,13.9043854133,0,0,0,0,0,1,0,4,4,3,4,4,2,3,3,3,1,4,2,3,3,1,2,3
CHEMBL82754,-8.61860396203,13.058559848,2,4,2,2,1,0,1,2,1,3,0,1,4,0,3,2,3,1,0,1,4,3,0,1
CHEMBL83,-15.3365447909,8.42019333572,3,3,1,1,4,2,4,0,2,0,0,1,1,3,0,2,3,4,3,1,3,4,0,1
CHEMBL84113,-11.6564348699,13.2500245047,2,4,2,2,1,0,1,2,1,3,0,1,2,1,0,2,3,1,0,1,4,3,0,1
CHEMBL845,-3.80447320294,6.64871607071,2,0,0,0,4,4,4,1,3,3,4,1,3,1,4,3,0,1,3,1,1,4,3,1
CHEMBL85,-16.5594609356,-4.74735449672,2,0,1,3,2,1,3,3,3,3,4,4,3,4,4,1,3,2,3,4,2,0,4,4
CHEMBL85190,-9.48298706004,12.2507370973,2,3,2,2,1,0,1,2,1,3,0,1,0,3,0,2,3,1,0,1,4,3,0,1
CHEMBL900,-0.392323602362,-10.5548771425,3,3,1,1,4,2,1,0,0,3,0,0,2,3,0,2,1,0,0,0,3,2,0,0
CHEMBL91,7.80795470628,1.68417640053,4,0,4,4,4,4,4,4,4,1,4,4,4,4,4,4,3,4,4,4,3,4,2,2
CHEMBL92387,4.89210630227,-15.9317101729,4,2,4,2,4,4,4,0,1,4,4,0,4,2,4,0,3,4,4,0,4,4,4,0
CHEMBL936,-0.570303782118,-13.2842514268,3,3,3,3,1,1,0,1,0,1,0,3,2,3,2,0,2,0,0,3,0,4,4,4
CHEMBL94454,-18.482829784,1.78914652035,2,0,0,0,0,4,0,4,3,2,2,4,3,4,4,1,3,1,3,3,3,3,3,4
CHEMBL954,-17.1786617116,5.41986191826,3,3,1,1,4,4,4,0,2,0,0,1,1,3,0,2,3,4,3,1,3,4,0,1
CHEMBL965,20.5315277772,7.01068478015,3,2,1,2,4,2,4,2,4,3,4,2,4,0,3,4,4,4,4,3,4,2,0,2
CHEMBL9967,15.4031250663,-11.7666365026,0,3,1,3,2,4,3,3,4,3,4,4,1,3,1,3,2,1,4,4,1,0,3,4
