,x,y,year
CHEMBL100086,8.75743018745,-10.2430356745,2002
CHEMBL100521,-3.9558002619,11.3787361047,1999
CHEMBL100875,8.80386792952,-10.2914032706,2002
CHEMBL101138,-1.02061913565,-7.62495543177,1994
CHEMBL101686,11.1064443389,19.2280515854,2003
CHEMBL101690,15.8186724512,14.8355721935,2003
CHEMBL102250,9.39427670782,19.2343077317,2003
CHEMBL102292,10.2990519342,19.6631203561,2003
CHEMBL102548,-1.94699065069,-6.70458179212,1994
CHEMBL102586,-0.93661695895,-6.45421958529,1994
CHEMBL102645,-1.93223858007,-5.64256606664,1994
CHEMBL103205,-1.82739858224,-5.95869098899,1994
CHEMBL103371,-1.5178018685,-5.52552356024,1994
CHEMBL103388,-2.41200483533,-6.22758540268,1994
CHEMBL103424,13.484964674,17.6648165066,2003
CHEMBL103479,9.86363962241,18.501873217,2003
CHEMBL103503,10.8545277507,17.5324732996,2003
CHEMBL103549,-1.34855848756,-5.21800023797,1994
CHEMBL103550,9.82089161116,18.4577414258,2003
CHEMBL103854,-3.22106116968,-6.35704281836,1994
CHEMBL104026,11.5847929265,18.1414532943,2003
CHEMBL104158,11.1097720846,17.9920702585,2003
CHEMBL104374,10.6725233663,20.5861906737,2003
CHEMBL104484,9.52448077618,18.6413086978,2003
CHEMBL104496,9.34080002783,18.7370750373,2003
CHEMBL104692,9.19916234378,18.394448664,2003
CHEMBL104720,10.9843545624,19.2753790484,2003
CHEMBL104753,9.39369589506,19.234420536,2003
CHEMBL105025,9.4214446366,18.6629904152,2003
CHEMBL105091,9.4096623508,19.4102220942,2003
CHEMBL105118,9.1636581885,18.3522286032,2003
CHEMBL105261,10.9272006645,19.256652703,2003
CHEMBL105327,10.9971770838,20.4348079108,2003
CHEMBL105369,10.2980676666,19.574434885,2003
CHEMBL105556,10.6458598115,20.6407686009,2003
CHEMBL105722,9.33357531286,19.1954157708,2003
CHEMBL105743,9.52021600527,18.7107695971,2003
CHEMBL105958,9.49783149483,18.9469179134,2003
CHEMBL107511,2.67942165915,-3.19238676254,1999
CHEMBL108337,9.22397004859,-3.74571252313,1996
CHEMBL1084132,5.94006984928,9.55293832837,2009
CHEMBL1085672,5.94857415662,9.42256303823,2009
CHEMBL108818,9.56120596655,-3.63291236024,1996
CHEMBL109360,3.98542845702,-0.505518975015,1996
CHEMBL109839,9.40836459807,-1.64044653814,1996
CHEMBL110317,4.32525938867,-2.60570273431,1996
CHEMBL110318,9.40799850091,-1.3453584643,1996
CHEMBL111000,3.99267011766,-0.511007810385,1996
CHEMBL111107,9.561234544,-3.63289140087,1996
CHEMBL111150,9.47273550215,-1.35306642307,1996
CHEMBL111184,11.3158999219,7.60478221185,2002
CHEMBL111283,9.46367608831,-1.32656051244,1996
CHEMBL111284,9.39881260983,-1.63601324635,1996
CHEMBL111376,9.39469126597,-1.63390517984,1996
CHEMBL111899,-13.5154225405,-15.8961846659,1999
CHEMBL112507,-14.6108455173,-13.5584172971,1999
CHEMBL112558,-15.3512598103,-13.7057926301,1999
CHEMBL113238,11.3159104101,7.60477979965,2002
CHEMBL113831,-13.9501862857,-15.6080632667,1999
CHEMBL113868,-7.76496187255,-2.59903216914,2003
CHEMBL113893,-8.21831702287,-1.28089793782,2003
CHEMBL113950,-7.75231005144,-2.63317954811,2003
CHEMBL113994,-8.0535919324,-1.21880882454,2003
CHEMBL114012,1.38272336941,5.43994294149,2000
CHEMBL114303,-14.7704947454,-14.8330931932,1999
CHEMBL114571,-8.19626598804,-1.27739200488,2003
CHEMBL114780,-8.21179086108,-1.27124826405,2003
CHEMBL114877,-14.6740335866,-14.8556537125,1999
CHEMBL115352,-13.8190394935,-15.8933332159,1999
CHEMBL115415,-5.00396553838,0.386338450894,2003
CHEMBL115496,-13.747879207,-14.9417788175,1999
CHEMBL115663,-7.77221918316,-2.63847014705,2003
CHEMBL115750,-12.664768908,-9.66774067284,1997
CHEMBL115941,-6.43732524597,-1.08279643358,2003
CHEMBL1159649,1.51751944866,14.1006016423,2003
CHEMBL115989,-13.527778317,-15.8619471129,1999
CHEMBL116031,-12.951043498,-9.78254361564,1997
CHEMBL116092,-12.1561931605,-4.86001263521,1997
CHEMBL116153,-12.6131232356,-9.84883463442,1997
CHEMBL116161,-13.9114903505,-15.924680585,1999
CHEMBL116314,11.8066589853,-0.849309797183,1995
CHEMBL116448,1.01959778092,5.01716838963,2000
CHEMBL116876,-6.43318765755,-1.08615922523,2003
CHEMBL1169435,1.51738568565,14.1006044706,2003
CHEMBL117046,-15.8157900888,-11.7485107931,1997
CHEMBL117157,11.8442410973,1.13178050532,1995
CHEMBL117249,-12.6812526712,-13.8284106691,1997
CHEMBL117397,-7.77371031743,-2.62985927508,2003
CHEMBL117579,-14.8597694186,-4.40427935496,1997
CHEMBL117633,-13.1122457275,-9.9334155617,1997
CHEMBL118012,-18.0836088226,-8.12150805636,1997
CHEMBL1181665,1.7533048,-11.9304420522,2005
CHEMBL1181680,1.75311396634,-11.9093219776,2005
CHEMBL1181770,1.75364476229,-11.899389565,2005
CHEMBL118360,17.0985272942,10.0668929462,1997
CHEMBL1185,-1.90914897706,-2.61289414736,1995
CHEMBL118563,11.4173418957,0.623382790815,1995
CHEMBL1188501,-2.86521879516,-14.0463710215,2013
CHEMBL119264,17.8414221945,9.63876032842,1997
CHEMBL1193970,9.77219491378,-6.86979853175,1995
CHEMBL1194956,-11.4692319786,-0.187874029177,2000
CHEMBL1195292,-5.43720372762,-18.2610846485,1995
CHEMBL119668,-12.7066842448,-9.86062987726,1997
CHEMBL119785,-9.82140577554,-10.5308272613,1997
CHEMBL119800,17.2036004713,10.3620419473,1997
CHEMBL119927,11.4222980128,1.03837343685,1995
CHEMBL120055,11.5707030178,1.08026724213,1995
CHEMBL120272,11.8950316412,-0.717826835644,1995
CHEMBL120480,11.8713782109,1.22156490414,1995
CHEMBL120514,11.7966382877,-0.876592477589,1995
CHEMBL121207,11.8723430752,-0.819078417802,1995
CHEMBL121499,11.5392195066,0.931226433975,1995
CHEMBL121901,11.4360264975,0.554093035729,1995
CHEMBL12264,0.733456094729,5.06095810954,1998
CHEMBL122860,5.53854722625,1.47123261428,1992
CHEMBL1241546,7.51820473196,-15.9403954335,2010
CHEMBL1241547,7.54022655187,-15.6460221983,2010
CHEMBL1241548,7.53165583426,-15.5863566775,2010
CHEMBL1241639,7.50650170422,-15.5861033509,2010
CHEMBL1241640,7.95044848362,-17.0759251808,2010
CHEMBL1241641,7.54065639344,-15.608041012,2010
CHEMBL1241642,7.62479070293,-16.628533798,2010
CHEMBL1241736,7.75442789296,-17.0401667579,2010
CHEMBL1241737,7.94935059052,-17.0753308648,2010
CHEMBL1241738,7.52619731292,-15.670379728,2010
CHEMBL1241824,7.7023774598,-17.4512889768,2010
CHEMBL1241825,7.60290884264,-16.6387383666,2010
CHEMBL1241912,7.64770466723,-17.5028376847,2010
CHEMBL1241913,7.68741724652,-17.370826672,2010
CHEMBL1241998,7.6010042974,-17.6270092547,2010
CHEMBL1242081,7.56711637172,-17.6996296198,2010
CHEMBL1242167,7.54446688356,-17.7685502867,2010
CHEMBL1242257,7.54439244718,-17.7684036958,2010
CHEMBL1242345,7.64758954906,-17.6586192621,2010
CHEMBL1242436,7.72583306456,-17.5530178508,2010
CHEMBL1242533,7.72858813109,-17.5621093548,2010
CHEMBL1242623,7.72713955872,-17.6168119126,2010
CHEMBL1242717,7.73714563617,-17.5944936191,2010
CHEMBL1242904,7.54236924494,-15.6912368637,2010
CHEMBL125745,3.82255798938,-10.1153515333,2001
CHEMBL1258223,-7.79857374016,7.75561872891,2010
CHEMBL1258452,-7.73674009013,7.74133293747,2010
CHEMBL1258671,-7.79254807096,7.75432414254,2010
CHEMBL12624,0.929282877812,5.02540856675,2000
CHEMBL126340,3.71104878193,-10.1147650138,2001
CHEMBL127411,3.76519372901,-10.3895454261,2001
CHEMBL1275630,7.85724002236,6.59246903655,2010
CHEMBL1277104,7.24430882765,6.78931770009,2010
CHEMBL1277105,7.32418059007,6.70815456298,2010
CHEMBL1277565,7.8464288992,6.59501702381,2010
CHEMBL1277837,7.85352616915,6.59451892347,2010
CHEMBL1277917,7.19626863131,6.82256372282,2010
CHEMBL1278,13.7921519648,18.423539636,1999
CHEMBL1278001,7.87847941263,6.59221894496,2010
CHEMBL1279,0.753833660038,1.56113277075,1999
CHEMBL128,-1.40183552113,-4.25956918039,1993
CHEMBL128699,10.8669662587,4.57380484137,1997
CHEMBL1287827,-1.33201208482,16.7185675789,2010
CHEMBL1289047,-2.86091519458,16.8357150298,2010
CHEMBL1289048,-1.96384982347,16.360153002,2010
CHEMBL1289163,-2.00315350429,16.3130439772,2010
CHEMBL1289164,-2.02905639561,16.2994292401,2010
CHEMBL1289276,-1.51815055336,16.4568724932,2010
CHEMBL1289277,-1.36474577374,16.7009249316,2010
CHEMBL1289394,-1.08371727915,16.8290754893,2010
CHEMBL1289509,-1.36459670015,16.7008877663,2010
CHEMBL1289510,-1.08371414243,16.8290756517,2010
CHEMBL1289617,-1.15819820908,16.743326443,2010
CHEMBL1289618,-1.929392064,16.3813463382,2010
CHEMBL1289721,-2.35838344501,15.7287309606,2010
CHEMBL1290486,-3.15025483445,19.0227720012,2010
CHEMBL1290487,-2.92720960756,19.0300555128,2010
CHEMBL1290596,-3.17289458239,19.0050906726,2010
CHEMBL1290597,-2.95673227813,19.0129229521,2010
CHEMBL1290715,-2.86022351936,16.838746575,2010
CHEMBL1290716,-1.98924583987,16.3829070535,2010
CHEMBL129661,9.56953543182,5.94793000713,1997
CHEMBL129813,10.8105026023,4.65561491915,1997
CHEMBL133455,6.06839229858,1.72090592593,2003
CHEMBL133868,6.06919081854,1.66692768555,2003
CHEMBL133939,-6.10022523019,-2.53452445054,1992
CHEMBL134743,8.57788920958,10.8472968708,2001
CHEMBL135878,8.65544191269,10.8169066366,2001
CHEMBL136311,-15.8052568337,11.785040371,1998
CHEMBL136936,8.6032390345,10.8557103608,2001
CHEMBL136962,-13.7904209506,9.92658103012,1998
CHEMBL137485,-6.09987616425,-2.53445641805,1992
CHEMBL137781,-6.26601111185,-8.57092956502,2002
CHEMBL138462,13.7600374853,-4.78323030117,2003
CHEMBL138821,13.5597237783,-5.14546245311,2003
CHEMBL138872,13.158789516,-4.77581931866,2003
CHEMBL138873,13.1853313165,-4.78926420674,2003
CHEMBL138907,-15.0522924759,12.1340804652,1998
CHEMBL138958,-15.6355699299,11.90742365,1998
CHEMBL138989,-6.2660111167,-8.57092957769,2002
CHEMBL139438,13.5445136292,-5.11528903079,2003
CHEMBL139801,13.1607768883,-4.77315770424,2003
CHEMBL140415,-13.8189495193,9.99298850951,1998
CHEMBL140416,-15.061730403,12.0753735386,1998
CHEMBL140417,-15.0667714515,12.0570645298,1998
CHEMBL141706,6.12808436478,-0.843736858116,1996
CHEMBL142629,6.15905980845,-0.923783819458,1996
CHEMBL143510,5.37990102003,-0.303658532705,1996
CHEMBL143512,5.40649314621,-0.302410671585,1996
CHEMBL143723,6.92719078792,-0.2764515798,1996
CHEMBL143745,6.87554178342,-0.261240091095,1996
CHEMBL143767,5.2811432811,-0.295629993492,1996
CHEMBL143890,-18.3246956812,-11.6143121262,1999
CHEMBL143893,-15.3281472119,-11.8673628963,1999
CHEMBL143894,-17.1683269124,-10.2348482768,1999
CHEMBL143947,-18.3596150721,-9.49215802305,1999
CHEMBL143951,-13.0017291328,-13.8289458625,1999
CHEMBL143952,-16.7570553551,-12.9423731869,1999
CHEMBL143967,5.38977493434,-0.31209769517,1996
CHEMBL144002,-19.2609716418,-7.32097781275,1999
CHEMBL144030,7.55525936708,-0.379199166909,1996
CHEMBL144128,8.61362284114,-0.750469582913,1996
CHEMBL144397,9.33941918941,0.474571169484,1996
CHEMBL145815,-18.1505024692,-8.08559620584,1999
CHEMBL145849,-16.6451942592,-8.27218381104,1999
CHEMBL145982,-16.7926577955,-12.9585238016,1999
CHEMBL145997,-15.4936476936,-13.1883584544,1999
CHEMBL146023,-9.51416520024,-10.4025718187,1999
CHEMBL146024,-11.3151336396,-14.5778473786,1999
CHEMBL146129,-18.7181434855,-6.68190736698,1999
CHEMBL146131,-17.5748721987,-11.1349546013,1999
CHEMBL146132,-18.0833757394,-8.12170276337,1999
CHEMBL146150,-8.74963501873,-10.2210881204,1999
CHEMBL146265,-16.5563978373,-8.08784368138,1999
CHEMBL146285,-16.3295675378,-9.80814168369,1999
CHEMBL146335,-9.27409475265,-10.7847872796,1999
CHEMBL146338,-8.49246603229,-10.3351757873,1999
CHEMBL146391,-16.1587267354,-8.21728809807,1999
CHEMBL146396,-11.8918004128,-15.0160697683,1999
CHEMBL146483,-8.49246597498,-10.3351757843,1999
CHEMBL146502,-17.6429098729,-11.2105965663,1999
CHEMBL146628,-16.6706712991,-10.3942473901,1999
CHEMBL146720,9.96049770774,0.615311418059,1996
CHEMBL146729,-15.7885728625,-12.0225399142,1999
CHEMBL146735,15.6097219468,7.97338320287,2000
CHEMBL146815,-2.5157513361,6.63840767742,1998
CHEMBL146891,-15.8383381831,-11.9728806878,1999
CHEMBL146976,3.12711636669,-3.07379400719,1999
CHEMBL146983,-2.49337978646,5.70660714112,1998
CHEMBL146991,-13.6764937834,-12.5469825021,1999
CHEMBL147071,15.8091228652,8.87804372534,2000
CHEMBL147077,-2.70610398097,6.49650426578,1998
CHEMBL147148,-16.172450842,-15.8091300644,1999
CHEMBL147206,9.95935664486,0.607278012567,1996
CHEMBL147454,1.40317837345,-2.75126925234,1999
CHEMBL147503,15.8143573688,8.87180830582,2000
CHEMBL147546,-9.69083343238,-10.5709189965,1999
CHEMBL147555,-11.0874348194,-13.14276797,1999
CHEMBL147660,-9.31522915207,-11.5426665802,1999
CHEMBL147677,8.68869319804,-0.62270495989,1996
CHEMBL147786,-12.096459502,-15.0468524738,1999
CHEMBL147818,-18.3618535599,-8.76998561493,1999
CHEMBL147838,-14.1627710628,-12.6084024077,1999
CHEMBL147851,9.83261752839,0.472801684403,1996
CHEMBL147853,-17.5748733296,-11.1349552237,1999
CHEMBL147901,9.2699630945,0.359657924509,1996
CHEMBL147907,-19.5434914957,-7.91720264457,1999
CHEMBL147940,-9.10088046948,-11.252183756,1999
CHEMBL147961,-19.1514508527,-7.1925991975,1999
CHEMBL147979,-16.556855088,-8.08798605625,1999
CHEMBL148022,7.51220659231,-0.324449940915,1996
CHEMBL148071,-18.5960987637,-8.80007908716,1999
CHEMBL148085,-10.2714537018,-14.6764401246,1999
CHEMBL148087,-18.4613441167,-8.63621461625,1999
CHEMBL148095,-16.6656180929,-10.464591244,1999
CHEMBL148110,-9.33362582142,-10.1482116354,1999
CHEMBL148194,-16.9855091657,-10.4531447039,1999
CHEMBL148233,-11.8241196487,-15.1513413208,1999
CHEMBL148286,-11.8496359154,-15.09190936,1999
CHEMBL148314,7.57147232625,-0.350304917381,1996
CHEMBL148325,-16.169341827,-15.8121708464,1999
CHEMBL148552,-2.00640407067,6.75089092958,1998
CHEMBL149263,-2.02160437608,6.54216138913,1998
CHEMBL149488,-9.62115018655,-11.2872076389,1999
CHEMBL150696,-3.31295351071,6.02369257551,1998
CHEMBL150743,-3.31245342113,5.73333009548,1998
CHEMBL150798,2.72955450866,-3.12607867675,1999
CHEMBL1510,-5.80732550538,-3.28606858021,2009
CHEMBL151045,-3.3494396294,5.74565547865,1998
CHEMBL15139,13.5477896731,11.3868841661,2000
CHEMBL151420,16.588560459,7.72805986584,2000
CHEMBL151502,3.12693745108,-3.07357371743,1999
CHEMBL151668,-2.73870496536,6.63858543154,1998
CHEMBL151695,16.4988809541,7.68879305784,2000
CHEMBL151825,-3.03854297171,7.61543877212,1998
CHEMBL151878,-2.69339420655,6.28119034727,1998
CHEMBL151894,14.8199561394,7.81419679278,2000
CHEMBL154274,10.2193223814,9.55494294297,2001
CHEMBL1548,-2.89012206063,-13.9620664104,2007
CHEMBL157910,10.1542902727,9.55997058672,2001
CHEMBL15808,13.2838023999,11.2801003367,2000
CHEMBL15837,13.2329367082,11.7054890667,2000
CHEMBL15855,12.7652479735,11.6225569504,2000
CHEMBL158627,-11.1965664165,1.24472434245,2001
CHEMBL158638,-0.620418318053,0.872991479553,2001
CHEMBL158941,-2.15245995226,-4.39052587204,1999
CHEMBL15909,13.0399602541,13.2877018203,2000
CHEMBL159278,-6.36248025654,1.05153441122,2004
CHEMBL15928,16.5606445676,7.83741313493,1994
CHEMBL15933,17.4477023469,7.35085509143,1998
CHEMBL159332,-5.56479721686,-3.23322997418,2001
CHEMBL159381,-14.1795595455,-5.74549705284,1999
CHEMBL159396,-13.5183990604,-13.3911287566,1999
CHEMBL159470,-0.713508644476,0.7536066926,2001
CHEMBL159483,-15.9531955756,-1.61328024604,1999
CHEMBL159493,-13.6632438071,-3.84382314127,1999
CHEMBL159536,-1.42874096518,0.339615564503,2001
CHEMBL15961,12.7912115874,11.6910478157,2000
CHEMBL159627,-13.5026170856,-3.92628310682,1999
CHEMBL15965,13.0924588542,12.5596906667,2000
CHEMBL159650,-15.0199578896,-4.75238337545,1999
CHEMBL159683,-15.1065754333,-5.61458491318,1999
CHEMBL159733,-17.0334295247,-2.36182690022,1999
CHEMBL159759,-15.2203260599,-3.49063777924,1999
CHEMBL159819,-14.3983716964,-3.09180341876,1997
CHEMBL160070,-16.0066048871,-1.61929774639,1999
CHEMBL16035,13.4552053794,11.5176338298,2000
CHEMBL161045,-12.1472901023,-4.84884338268,1999
CHEMBL161066,-14.2072008734,-2.76429033254,1999
CHEMBL161176,-9.70294675083,-11.2725885325,1999
CHEMBL161192,-16.9480033288,-2.37404060373,1999
CHEMBL161410,-15.2203332978,-3.49063831472,1999
CHEMBL161694,-1.45567498395,0.415346022235,2001
CHEMBL161696,-11.4839258935,-11.7180588457,1999
CHEMBL161723,-11.690177496,-11.3934117305,1999
CHEMBL161735,-13.9536970265,-4.89214617888,1999
CHEMBL161780,-15.5456530747,-2.22014623429,1999
CHEMBL161894,-6.36023366869,1.0850752067,2004
CHEMBL161969,-20.3076228376,-11.5571248919,1999
CHEMBL161970,-20.2628536204,-11.5204017428,1999
CHEMBL162011,-6.11447100998,-0.393874789202,2004
CHEMBL162012,-5.98174418108,1.38224138877,2004
CHEMBL162049,-6.34241837116,1.03954386188,2004
CHEMBL162296,-13.9994170205,-3.24788556559,1999
CHEMBL162463,-13.5786897609,-13.1541395001,1999
CHEMBL162722,-13.968871596,-10.7181030433,1999
CHEMBL162724,-5.98452897119,1.37800977302,2004
CHEMBL162771,-5.60955300253,1.09619594769,2004
CHEMBL162805,-10.3862703417,-15.3396610786,1999
CHEMBL162858,-12.3260502891,-12.0605418606,1999
CHEMBL162899,-20.2538775128,-11.507825822,1999
CHEMBL162930,-13.0949933639,-13.6529389502,1999
CHEMBL163114,-12.6110753189,-10.289760482,1999
CHEMBL163127,-9.66590967307,-11.2603974152,1999
CHEMBL163151,-5.96053763291,1.34440182814,2004
CHEMBL1631532,-4.77666842556,18.5376510537,2010
CHEMBL1631533,-5.72456734345,18.1579170851,2010
CHEMBL1631534,-4.41565564727,16.8244833567,2010
CHEMBL1631535,-4.42988072626,16.6392835625,2010
CHEMBL1631536,-5.73898806856,18.1785075872,2010
CHEMBL1631537,-5.69714196848,18.1931163367,2010
CHEMBL1631538,-4.73702119944,18.5038632876,2010
CHEMBL1631539,-3.9913522208,19.1540059073,2010
CHEMBL1631540,-4.92580835576,17.635498133,2010
CHEMBL1631541,-4.92907151574,17.6188508021,2010
CHEMBL1631542,-4.14636282658,18.0608443294,2010
CHEMBL1631543,-4.13469002222,18.0414323681,2010
CHEMBL1631544,-4.33950453161,19.0959349632,2010
CHEMBL1631545,-4.41623577854,16.8267629584,2010
CHEMBL1631548,-4.43875434499,16.5817305282,2010
CHEMBL1632158,-8.05505157307,5.70897782381,2009
CHEMBL1632174,-8.06030206229,5.71273893344,2009
CHEMBL1632206,-4.43722363067,19.1800477015,2010
CHEMBL1632207,-4.40830338558,19.2100055301,2010
CHEMBL1632208,-4.46813786884,19.2181692244,2010
CHEMBL1632209,-4.47934410152,19.2186880583,2010
CHEMBL1632210,-5.99647705059,19.41690457,2010
CHEMBL1632211,-6.17190956025,19.3183841238,2010
CHEMBL1632212,-6.21370297476,19.32345816,2010
CHEMBL1632213,-6.17528171166,19.3282416161,2010
CHEMBL1632214,-6.26937019701,19.7461752141,2010
CHEMBL1632215,-6.29741723782,19.7624668964,2010
CHEMBL1632216,-6.26985642807,19.7332318319,2010
CHEMBL1632217,-5.70802677406,19.3821352907,2010
CHEMBL1632218,-5.70901032241,19.4242393442,2010
CHEMBL1632219,-5.73286190309,19.3554915922,2010
CHEMBL1632220,-5.46784487765,18.0095346487,2010
CHEMBL1632221,-5.47736414014,17.9511648699,2010
CHEMBL1632222,-5.49179436406,18.0695724602,2010
CHEMBL1632223,-5.42895773084,18.2089176502,2010
CHEMBL163376,-11.4830098516,-11.7237287182,1999
CHEMBL163386,-14.3463434691,-11.1829665897,1999
CHEMBL163462,-13.6909549718,-11.3962621416,1999
CHEMBL163516,-5.56285105236,1.11210685972,2004
CHEMBL163573,-15.2622092513,-13.2266164872,1999
CHEMBL163639,-6.05357724629,-0.324242920662,2004
CHEMBL164035,-13.6712418242,-11.3689868898,1999
CHEMBL164046,-14.5632707006,-3.43990303831,1999
CHEMBL164111,-10.2207824326,-14.6445596841,1999
CHEMBL164413,-12.2623619074,-13.358863401,1999
CHEMBL1672288,20.19804498,-1.66750197054,2011
CHEMBL170192,0.982659332854,-8.74160479177,2000
CHEMBL171129,1.11539673658,-8.42076451514,2000
CHEMBL173162,0.919147330958,-9.01434674967,2000
CHEMBL173656,0.916213905689,-9.04184325419,2000
CHEMBL1739102,6.48890075432,6.25838809767,2010
CHEMBL1739215,6.61660155153,6.41926425621,2010
CHEMBL1739606,6.4771200869,6.22008755839,2010
CHEMBL1739616,6.54273810097,6.32260919286,2010
CHEMBL1739655,6.25525197754,7.12802943729,2010
CHEMBL1739656,6.27913710576,7.08926110806,2010
CHEMBL174141,0.553775555154,-9.34783040812,2000
CHEMBL174355,1.02512411591,-8.35897826403,2000
CHEMBL1744039,-3.67259933789,-20.3613595435,1995
CHEMBL1744040,-4.02505316509,-20.7516877661,1995
CHEMBL1744041,-3.1690917956,-18.9764907092,1995
CHEMBL1765683,15.5812900428,-1.43765372911,2011
CHEMBL1765684,15.5816083424,-1.4346934762,2011
CHEMBL1788196,-4.02505422583,-20.7516897227,1995
CHEMBL1788197,-3.67504481744,-20.4379626109,1995
CHEMBL1788198,-3.23053437256,-21.319205179,1995
CHEMBL1788231,1.22855040131,5.23323828586,2000
CHEMBL182837,-4.97139116499,-11.4934501942,2004
CHEMBL1829958,7.07187701623,-11.2471451993,2011
CHEMBL1829959,6.18598900072,-11.2911549721,2011
CHEMBL1829961,7.07187712031,-11.2471453532,2011
CHEMBL1834226,-0.210815432501,-13.3327790233,2011
CHEMBL1834234,-0.197488752535,-13.3277913157,2011
CHEMBL1834350,-0.196998853083,-13.3313391609,2011
CHEMBL183460,-12.6417557513,18.5099881621,2005
CHEMBL183704,-6.10149787031,4.75021126174,2004
CHEMBL184597,16.1166368778,13.9805236701,2004
CHEMBL184994,16.4113466276,12.7211879702,2004
CHEMBL186919,-4.95778647085,-11.4950071203,2004
CHEMBL186961,-6.12080797113,4.68937883857,2004
CHEMBL18772,17.4675478042,-8.40264750056,1996
CHEMBL18785,8.85482778635,-5.13354385022,1990
CHEMBL187952,16.3818482221,13.1013843713,2004
CHEMBL18840,4.26235392654,-2.52328177003,1993
CHEMBL190190,-11.1720877207,13.4882087643,2005
CHEMBL190298,-11.1784128833,13.4021857922,2005
CHEMBL1908863,6.49212112179,-8.99366694704,2008
CHEMBL1910139,9.64879338701,11.7812031595,2011
CHEMBL1910140,9.59397950767,11.7685794864,2011
CHEMBL1910141,9.59979425371,11.770276698,2011
CHEMBL1910792,15.4360372365,9.58751474329,2011
CHEMBL191605,-12.6600153304,13.1663413919,2005
CHEMBL191619,-11.6957367175,12.6968413806,2005
CHEMBL191895,-12.2330997366,13.3467952555,2005
CHEMBL191921,-11.2587753528,13.3592808586,2005
CHEMBL191971,14.9341206778,4.00424761094,2005
CHEMBL191980,-11.8223783944,13.0221820839,2005
CHEMBL192176,-11.4645236517,12.3642371856,2005
CHEMBL192536,-12.7004192882,13.1585871669,2005
CHEMBL193268,-12.6476458955,13.1968127641,2005
CHEMBL193616,17.796916079,4.62030316682,2005
CHEMBL194206,12.6010909606,9.7477860396,2005
CHEMBL194305,8.80602265986,-5.0461210834,2005
CHEMBL194610,17.0264561065,3.89676681989,2005
CHEMBL194647,20.8531233882,2.46354249033,2005
CHEMBL194701,20.6396892386,2.13753704706,2005
CHEMBL194809,20.6316301933,2.16631813049,2005
CHEMBL195114,18.1347242459,3.28393110003,2005
CHEMBL195432,15.3887707932,3.92335554436,2005
CHEMBL195497,18.010428653,3.36676993073,2005
CHEMBL195651,16.3531214324,2.82094104008,2005
CHEMBL195897,18.0663458733,3.40645421981,2005
CHEMBL195898,16.3599890339,2.86903522625,2005
CHEMBL195927,12.2767779618,9.42349213605,2005
CHEMBL196140,20.841560421,2.13112658926,2005
CHEMBL196169,12.5662625745,9.71221469647,2005
CHEMBL196370,12.5293190203,9.62918822723,2005
CHEMBL196598,12.5848232574,9.61896961279,2005
CHEMBL196600,16.3455323171,2.85149910246,2005
CHEMBL196666,17.6896196484,5.13019854842,2005
CHEMBL196848,17.4221649937,4.46404405796,2005
CHEMBL196951,17.7357667152,4.73658191941,2005
CHEMBL197169,20.7302028793,2.00716471822,2005
CHEMBL197408,12.5519179943,9.61449460425,2005
CHEMBL197505,16.3389870643,3.13524954937,2005
CHEMBL197796,12.5905689675,9.64112338954,2005
CHEMBL197947,21.9244646108,2.73894488919,2005
CHEMBL197982,3.41120988051,14.5482489217,2005
CHEMBL198488,21.8191318249,2.67385663983,2005
CHEMBL198975,21.0761020735,2.23697124091,2005
CHEMBL199088,20.6474982637,2.13337751494,2005
CHEMBL199144,21.9095889013,2.74048896375,2005
CHEMBL199175,20.6857219609,2.08328987142,2005
CHEMBL2,9.4094541263,15.4401243682,1998
CHEMBL2027935,-5.46530123366,-18.2730622454,1995
CHEMBL2028030,-5.46530092807,-18.2730622265,1995
CHEMBL2028031,-5.46530106341,-18.2730623374,1995
CHEMBL2028033,-5.46530133473,-18.2730622447,1995
CHEMBL203013,-17.7285835821,16.1729633936,2005
CHEMBL2031737,-4.07235466524,3.20573940629,2012
CHEMBL2058415,3.95079652457,-13.7105598942,2013
CHEMBL2058419,3.96092692404,-13.693136366,2013
CHEMBL2058420,3.99912024965,-13.6222082107,2013
CHEMBL2058426,3.95781060599,-13.6969577157,2013
CHEMBL2058429,3.99697918442,-13.6271418815,2013
CHEMBL2059590,-6.35810607145,9.57229326753,2012
CHEMBL20771,14.8917717128,9.32766267172,1998
CHEMBL20791,16.6871904076,7.70913688921,1998
CHEMBL2079627,12.9382177153,11.8218089979,2000
CHEMBL2087337,-6.32363336762,9.57852469395,2012
CHEMBL2092864,-3.23029799441,-21.3190998419,1995
CHEMBL20963,17.4253776546,7.47085924764,1998
CHEMBL209821,5.85532157042,9.86087433244,2006
CHEMBL2103778,-9.35258478281,3.03243772761,1993
CHEMBL2110299,-1.7962773997,-0.774092767418,2001
CHEMBL2110300,-1.70978437433,-0.619204814858,2001
CHEMBL2111620,-2.56046762539,-6.76242199189,1994
CHEMBL2111779,17.2036004485,10.3620419734,1997
CHEMBL2112307,1.90131818308,13.1565899829,2003
CHEMBL2112660,10.8679985853,4.56284935084,1997
CHEMBL2112661,10.8112439795,4.61872363773,1997
CHEMBL2112662,10.845171795,4.54074503458,1997
CHEMBL2112862,-18.2277412297,-9.69604558402,1999
CHEMBL2113061,-11.2585025431,13.5363475564,2005
CHEMBL2113097,16.2786532217,2.24959535602,2005
CHEMBL2113098,16.3218890072,2.41868479618,2005
CHEMBL2113386,-7.23400438215,-4.46431410337,2005
CHEMBL2114036,-12.0169207429,-8.79514605403,1999
CHEMBL2114038,-19.4723081333,-14.8068714448,1999
CHEMBL2114039,-18.8745928669,-14.5956323,1999
CHEMBL2114040,-18.5176916242,-14.5489143582,1999
CHEMBL2115111,-19.4724969333,-14.807007345,1999
CHEMBL2115112,-18.8745895915,-14.5956323286,1999
CHEMBL21369,14.8702562473,9.32594563964,1998
CHEMBL213987,7.19190835735,10.0929830583,2006
CHEMBL21724,17.5707100415,7.3897766401,1998
CHEMBL21790,17.5151463349,7.89141435683,1998
CHEMBL2181166,-10.0187614847,6.24479959861,2012
CHEMBL2181168,-10.0064225485,6.51755466634,2012
CHEMBL2181169,-10.1047571619,7.17036946588,2012
CHEMBL2181170,-9.9851722178,6.38526191151,2012
CHEMBL2181171,-10.0031897753,6.42707877751,2012
CHEMBL2181187,-10.1345433461,7.29539952047,2012
CHEMBL2181188,-10.1163622731,7.2539959877,2012
CHEMBL2181189,-10.0941437127,7.11880605385,2012
CHEMBL2219578,-11.9359700568,1.04853745278,2000
CHEMBL2219579,-11.5381839524,1.07432410915,2000
CHEMBL2219586,-11.5225011168,1.06708065931,2000
CHEMBL2219587,-11.8541876041,1.12354178088,2000
CHEMBL22744,1.02405707623,2.54899147871,2008
CHEMBL229429,20.1980983195,-1.6672110852,2007
CHEMBL23038,5.03860808245,4.97439260023,2003
CHEMBL233210,3.99922052602,13.8998044841,2007
CHEMBL233211,2.12015450169,16.350243182,2007
CHEMBL233212,2.12015443851,16.3502432822,2007
CHEMBL234447,3.47923680358,14.1056665414,2007
CHEMBL234448,3.76208752742,13.993595165,2007
CHEMBL234449,4.0872354379,13.5011840125,2007
CHEMBL23575,4.9774916265,4.99860882042,2003
CHEMBL2368253,-0.860203899226,1.20998334637,2001
CHEMBL2368254,-0.805109103648,1.38140536826,2001
CHEMBL2368255,-0.369841817354,-0.457838942058,2001
CHEMBL2368256,-1.81624286311,-0.798454012933,2001
CHEMBL2368257,-1.66021212948,-0.509891634699,2001
CHEMBL2368258,-0.688625084022,-0.133019944403,2001
CHEMBL2368259,-1.30854773984,0.16505395823,2001
CHEMBL2368260,-0.592794281292,-0.226432099789,2001
CHEMBL2368261,-0.847165753694,0.397663284423,2001
CHEMBL2368262,-0.470893339164,-0.337942625023,2001
CHEMBL238519,-13.7692054755,19.1384547305,2006
CHEMBL238520,-13.3631023942,19.3852993048,2006
CHEMBL238730,-13.0324111553,19.5095677032,2006
CHEMBL238732,-13.0330317118,19.5435943526,2006
CHEMBL2391541,7.04881190376,-2.1058126994,2013
CHEMBL239166,-13.1166308894,18.9334301127,2006
CHEMBL239167,-12.9082425863,18.6110796546,2006
CHEMBL239168,-13.3163321465,19.1267645575,2006
CHEMBL2413153,8.10899766261,12.3404722129,2013
CHEMBL2413154,8.15415443875,12.2770496888,2013
CHEMBL241463,-12.8518206165,19.1669344936,2006
CHEMBL241499,-12.9406055885,18.7673879341,2006
CHEMBL241500,-12.9442657415,18.687829035,2006
CHEMBL241503,-13.74088746,18.9233282938,2006
CHEMBL2442266,3.95079653336,-13.7105598941,2013
CHEMBL24474,5.0630356649,4.98656710813,2003
CHEMBL244946,-2.85288544221,15.3640658411,2007
CHEMBL246597,-12.8445490923,17.2707253705,2007
CHEMBL246598,-12.8341373014,17.2172741133,2007
CHEMBL246599,-10.7905873853,15.6085139984,2007
CHEMBL247428,-10.6588753821,15.3569791234,2007
CHEMBL247609,-10.295020731,15.150529408,2007
CHEMBL248229,-10.7868415507,15.6165774934,2007
CHEMBL248230,-10.7884598292,15.6016062133,2007
CHEMBL248231,-10.8132866328,15.5899872839,2007
CHEMBL248407,-10.8102708284,15.6269426374,2007
CHEMBL248456,-12.8372414931,17.2990516739,2007
CHEMBL248457,-10.9340017848,16.1481288546,2007
CHEMBL248458,-10.7621756351,15.5737320435,2007
CHEMBL255898,8.03137243607,-8.16135497528,2006
CHEMBL256047,-4.39384191242,-13.3888508178,2007
CHEMBL256694,-4.39427628391,-13.3832875597,2007
CHEMBL257744,-3.46167961883,-12.4600980971,2007
CHEMBL25800,6.20636533444,2.24162467671,1992
CHEMBL258073,-2.97689558029,-12.5909390939,2007
CHEMBL258075,-2.7289669975,-11.1301728378,2007
CHEMBL261917,4.57377075074,16.9253341165,2001
CHEMBL261977,15.2593279869,-14.0357598071,1996
CHEMBL262652,3.98649597738,-7.08196723915,1993
CHEMBL263700,5.99937426554,-1.36908292442,2001
CHEMBL263881,-6.27451288209,-8.57735107502,2002
CHEMBL26427,6.13247026043,2.23657176486,1992
CHEMBL26533,8.53078612392,11.5119961789,1991
CHEMBL266591,7.96364973229,-3.04409633804,1990
CHEMBL267014,18.0669968176,-4.78625912692,2001
CHEMBL267615,7.43722114149,-3.35785500083,2000
CHEMBL268800,7.85394931657,-3.27902221879,1990
CHEMBL269538,7.64864576832,-3.92247162881,2003
CHEMBL269964,-3.25225007867,-12.8809259267,2007
CHEMBL26998,-2.32698435354,-18.3512252156,1995
CHEMBL270176,-2.77105698404,-13.4150237187,2007
CHEMBL270177,-2.94005333611,-13.0437772776,2007
CHEMBL271253,-3.68690363903,-12.4887619827,2007
CHEMBL271298,-3.26941977787,-12.9210711853,2007
CHEMBL27173,6.07691621386,1.72623531575,1992
CHEMBL272781,-2.87161023843,-12.7856364832,2007
CHEMBL273170,-2.94002623538,-13.106743296,2007
CHEMBL273921,-7.85989429759,3.47293247352,2003
CHEMBL274001,-12.8590757736,-13.5620836761,1999
CHEMBL27403,14.4308103624,-9.43585801818,1990
CHEMBL274256,17.6175178148,5.16924229416,2005
CHEMBL274866,9.34615344476,6.19098329484,1990
CHEMBL274922,12.7191250145,11.658360104,2000
CHEMBL275854,5.61268441675,-2.01628777828,1990
CHEMBL276868,-14.0739807105,3.84182489838,2004
CHEMBL276928,12.9683051814,13.1472803667,2000
CHEMBL277120,9.61738399072,5.8590736264,1997
CHEMBL277467,15.1482762626,9.27456805483,1998
CHEMBL278917,12.8922547037,11.8686362788,2000
CHEMBL279320,13.0026187724,13.1408366202,2000
CHEMBL279436,-3.3248949041,5.76039935309,1998
CHEMBL279646,12.9706925562,11.7764345359,2000
CHEMBL280000,12.7804746176,11.3760786141,2000
CHEMBL280314,12.9055527052,12.8198885281,2000
CHEMBL281350,17.7399252205,6.6432456762,1998
CHEMBL28178,14.4076405453,-9.41233329057,1990
CHEMBL282199,1.03451770104,4.99078668676,2000
CHEMBL282229,17.7248545753,6.48977055991,1998
CHEMBL282424,18.0693343175,-4.78218513638,2001
CHEMBL282693,16.9895843876,7.74221955304,1998
CHEMBL282829,18.0820746168,-4.82076791165,2001
CHEMBL282950,10.101018031,2.38395439432,1999
CHEMBL282971,7.31969953272,14.2523064421,2002
CHEMBL283036,18.0681907006,-4.83129642759,2001
CHEMBL28313,0.604538544581,-17.9409338165,1995
CHEMBL28437,0.723526797499,-18.0647563358,1995
CHEMBL285402,10.7576222394,4.64626378934,1999
CHEMBL28607,18.0520571055,-4.67910248971,2001
CHEMBL28651,18.0808507758,-4.80248351394,2001
CHEMBL287671,18.0669266745,-4.76716618452,2001
CHEMBL28833,18.0862486343,-4.82755808305,2001
CHEMBL288821,4.72633446618,-7.18129860905,1993
CHEMBL288880,5.49519230071,-6.15355440236,1993
CHEMBL288961,3.74991504901,-4.70596462722,1993
CHEMBL289354,5.35797464394,-6.97781170884,1993
CHEMBL289469,-6.34331105257,9.52228897493,1990
CHEMBL289489,4.73649324211,-7.13040944495,1993
CHEMBL289501,3.57908563643,-7.80461896301,1993
CHEMBL289936,3.34892356812,-5.50136318741,1993
CHEMBL28997,18.074741182,-4.79646684925,2001
CHEMBL290080,4.89824740031,-7.35277691454,1993
CHEMBL290171,2.83736536406,-5.87434754758,1993
CHEMBL290587,2.11542729509,-4.607058149,1993
CHEMBL290657,4.23175813292,-7.20960183562,1993
CHEMBL290706,3.18379572545,-6.06418520431,1993
CHEMBL292262,-11.8075713043,-7.73114748443,1999
CHEMBL292274,-3.1890388909,-18.0594997554,1995
CHEMBL292293,14.5422679182,-14.5059418904,1996
CHEMBL292725,14.1459022613,-11.559746786,1996
CHEMBL292759,10.513192596,9.58738928618,1999
CHEMBL292779,-12.7511612727,-9.65650928538,1997
CHEMBL293219,12.7927004305,-13.2513173376,1996
CHEMBL293614,-14.4488209027,-9.54947472737,1999
CHEMBL293678,-14.6673344377,-9.83135122102,1999
CHEMBL293879,15.3237855632,-14.2828467779,1996
CHEMBL29410,7.3112323568,14.2638279665,2002
CHEMBL29433,7.31948280616,14.2525389999,2002
CHEMBL294368,14.6230173685,-12.9274690343,1996
CHEMBL294547,-14.7142131481,-11.0249160277,1998
CHEMBL294732,-14.7930621315,-9.89426907753,1998
CHEMBL295234,7.00640443156,-5.05037562398,2003
CHEMBL296161,-11.5740231333,-4.85032489018,1997
CHEMBL297471,0.950368235292,-2.94160645896,2000
CHEMBL297660,0.556843330451,-3.22369025245,2000
CHEMBL297784,14.183659496,3.78399661923,1995
CHEMBL29808,18.0821900428,-4.79869886643,2001
CHEMBL29846,7.30099215935,14.3082611263,1999
CHEMBL298544,0.611556619218,-5.69666919246,1995
CHEMBL298649,16.9540242661,-10.9742197008,1997
CHEMBL298974,-0.214234993226,-4.27424207429,1995
CHEMBL299097,16.4124869438,-9.52357044684,1997
CHEMBL299213,0.619878695929,-5.73587098968,1995
CHEMBL299231,17.6599161969,-11.7878094998,1997
CHEMBL29951,0.945873317931,-18.6474514887,1999
CHEMBL299524,13.292237731,-10.1115012843,1997
CHEMBL299634,15.4064384766,-10.3046595738,1997
CHEMBL300209,0.617157007423,-5.59979787883,1995
CHEMBL300519,0.458079055121,-3.77852332029,2000
CHEMBL300686,-5.73021372769,-3.21423721622,2000
CHEMBL300692,15.2192786847,-10.0334105336,1997
CHEMBL300725,17.3667318293,-10.4602582371,1997
CHEMBL301475,-11.4487721363,-0.264942792867,2000
CHEMBL301757,2.09432681252,-2.45784908692,2000
CHEMBL301765,14.7951350991,-14.2533469552,1996
CHEMBL302104,13.6512725995,-14.1545308514,1996
CHEMBL302171,-3.09991458282,-18.9430224401,1995
CHEMBL302172,-3.09991476864,-18.9430225898,1995
CHEMBL302225,13.7409457124,-11.7781801966,1996
CHEMBL302263,-0.148305925811,-21.6495898992,1995
CHEMBL302373,0.237014083075,-18.4392384033,1995
CHEMBL302431,14.7133330889,-12.9210814117,1996
CHEMBL302447,14.4556341156,-11.2085620601,1996
CHEMBL303021,0.295208769286,-20.6998000283,1995
CHEMBL303269,0.587837550352,-20.6427307849,1995
CHEMBL303339,-3.18903904622,-18.0594997838,1995
CHEMBL303441,-15.590697412,5.21100163051,1998
CHEMBL303514,-11.8396200596,-7.82540855202,1999
CHEMBL303921,-1.13175191787,-21.2991155899,1995
CHEMBL303986,15.3495850564,-14.177326102,1996
CHEMBL303997,-14.0803441964,-7.68224086686,1999
CHEMBL3039993,-11.4449664688,1.12395899916,2000
CHEMBL304008,9.03008386037,-5.41916695443,1990
CHEMBL3040263,-11.538183961,1.07432410876,2000
CHEMBL304197,-11.3140639505,-12.0292512124,1999
CHEMBL304426,-2.96150710555,-25.2361798861,1995
CHEMBL304573,-3.67333627125,-19.1238747811,1995
CHEMBL304767,-1.51624328851,-22.1520667544,1995
CHEMBL304833,-11.4819909967,-7.76728372975,1999
CHEMBL304857,-10.6295972071,-14.3251854473,1997
CHEMBL304993,-12.0290377733,-7.60302123537,1999
CHEMBL305062,-13.2709899515,-7.11537917206,1999
CHEMBL305301,-12.3357246115,-8.61681045441,1999
CHEMBL305743,1.33996347072,-21.3552373859,1995
CHEMBL305837,-1.18865093016,-22.0393546882,1995
CHEMBL305976,-0.664838076877,-19.7249813582,1995
CHEMBL306197,-0.78794614058,-21.0794869308,1995
CHEMBL306384,16.5925218544,7.83297715805,1994
CHEMBL306699,-12.6419901728,4.87078194477,1998
CHEMBL306869,0.474154661441,-20.5314972652,1995
CHEMBL306940,-15.5845584441,4.2602273625,1998
CHEMBL30713,5.38074597188,-2.24016795015,2013
CHEMBL307408,-14.8470367483,5.07336704177,1998
CHEMBL307521,-2.77607916167,-20.0183533996,1995
CHEMBL307786,-3.66411423059,-20.4051671105,1995
CHEMBL308042,-14.6908121563,5.05531677559,1998
CHEMBL30831,10.3655547637,5.0176117471,1999
CHEMBL308347,-2.65838175019,-19.1593655194,1995
CHEMBL3084967,-1.99283379491,-2.44242306977,2001
CHEMBL308727,-14.851050395,4.14988657455,1998
CHEMBL309021,17.8049991657,9.54850145297,1994
CHEMBL309121,-0.975580728904,-20.3721670453,1995
CHEMBL309162,-15.0801460024,5.12257180317,1998
CHEMBL3093186,-9.97207436033,6.26747305513,2013
CHEMBL3093187,-9.95387033599,6.25923223697,2013
CHEMBL309872,0.934193167394,13.2352554076,2003
CHEMBL309976,-15.494026273,4.20101930181,1998
CHEMBL310061,-9.11951175437,-5.92674621081,1999
CHEMBL310082,1.93338107679,12.9555066148,2003
CHEMBL3104091,-3.04299189001,-8.54368372993,2013
CHEMBL3104092,-3.05313608999,-8.54562285753,2013
CHEMBL3104093,-3.06448101895,-8.53017935597,2013
CHEMBL310744,2.96532302242,11.8179853708,2003
CHEMBL311150,15.8140373717,8.87056464795,1994
CHEMBL311323,1.58553069604,12.9396512365,2003
CHEMBL311694,0.975223294047,13.2950393038,2003
CHEMBL311787,2.95924765997,11.6074913529,2003
CHEMBL31217,10.0340215239,2.48947657928,1999
CHEMBL312448,-14.1836373308,4.96657765948,1998
CHEMBL312525,-0.952064730062,-22.5770774749,1995
CHEMBL313189,-19.8316996741,3.59639906961,2002
CHEMBL313452,0.949790109545,13.2300432992,2003
CHEMBL31354,9.65522601012,11.7663230045,1999
CHEMBL313631,-13.7408540884,5.86383512395,2002
CHEMBL313714,-17.8611019681,-7.69364389862,1997
CHEMBL314107,-19.8396448531,3.56561718532,2002
CHEMBL314213,-6.07356892493,-5.28373667512,1994
CHEMBL315772,-19.8285858022,3.59155455619,2002
CHEMBL316081,5.6968080532,16.1415463192,2001
CHEMBL316885,-3.93079339187,11.3237548821,1999
CHEMBL317535,1.76116057139,-0.592201026959,2001
CHEMBL317732,-3.50797316241,11.5561836166,1999
CHEMBL318018,5.35712996337,16.4233032673,2001
CHEMBL318022,-3.97659717329,11.3149733084,1999
CHEMBL318105,10.9346906876,20.4089831271,2003
CHEMBL318571,-1.73730332231,-5.86931027874,1994
CHEMBL318882,-3.39492288546,11.1112615768,1999
CHEMBL318906,-3.95580015524,11.3787366839,1999
CHEMBL319223,-1.00276122664,-7.63391619008,1994
CHEMBL319920,10.5773802716,20.6964219678,2003
CHEMBL320079,9.39469300995,-1.63390548549,1996
CHEMBL320198,10.7516277293,17.7209089514,2003
CHEMBL320412,-1.70162816805,-5.71800927899,1994
CHEMBL321080,9.40821271493,19.4105233148,2003
CHEMBL321343,9.1366818228,18.3911689002,2003
CHEMBL321963,-1.05280591754,-5.48670948731,1994
CHEMBL321967,11.0281162685,19.2705708236,2003
CHEMBL322054,9.15306771201,-2.04998456482,1996
CHEMBL322349,3.98373583689,-0.505491703104,1996
CHEMBL323264,10.3051772775,19.6471915762,2003
CHEMBL323334,-1.05072592031,-5.81962803432,1994
CHEMBL323356,13.9748633268,3.80173374768,1995
CHEMBL323603,-8.21856246615,-1.34359205149,2003
CHEMBL323666,-6.44301287369,-1.0451171106,2003
CHEMBL323705,-7.77199785372,-2.5949330975,2003
CHEMBL324287,-15.1735762274,-5.6954912264,1997
CHEMBL324289,11.8806645648,-0.791204067547,1995
CHEMBL324751,-14.9851843124,-14.3250032509,1999
CHEMBL324931,-11.6531464361,-4.9690252946,1997
CHEMBL325175,-8.20222464784,-1.27960051376,2003
CHEMBL326125,-14.9516625005,-14.2425343426,1999
CHEMBL326371,-13.9148276198,-4.69266948277,1997
CHEMBL326667,9.39469276459,-1.63390539422,1996
CHEMBL326723,-9.08458343402,-11.4118637526,1999
CHEMBL327103,3.98418312928,-0.5054527844,1996
CHEMBL329383,10.1998094523,9.55190865246,2001
CHEMBL330803,-12.1556517312,-4.86547929636,1997
CHEMBL331037,11.8203659299,-0.85771763141,1995
CHEMBL331077,-19.8333729973,3.59852034546,2002
CHEMBL331143,-13.8937433772,-15.5488981459,1999
CHEMBL331188,-19.8367645214,3.58770553064,2002
CHEMBL331240,11.0550106069,0.925101694032,1995
CHEMBL331241,2.90935098964,-3.08344401845,1999
CHEMBL331612,-13.1743711179,-13.5005195791,1997
CHEMBL331819,-13.6212191838,-15.9003604831,1999
CHEMBL331970,-18.4613472961,-8.63621462688,1997
CHEMBL332063,11.637894847,1.10350756504,1995
CHEMBL332142,11.578967157,0.588371862004,1995
CHEMBL332484,-8.22647479539,-1.35095929573,2003
CHEMBL3326982,7.66447195593,11.3417696694,2014
CHEMBL3326993,7.64992538689,11.3228411973,2014
CHEMBL333089,-9.89579450019,-10.5090854097,1997
CHEMBL333341,-10.8471564734,-12.962868609,1997
CHEMBL333784,1.02797707956,4.90542140207,2000
CHEMBL334159,11.3382234787,0.715617024551,1995
CHEMBL334193,11.1651222737,1.09716720538,1995
CHEMBL334259,-7.76776940028,-2.63392533847,2003
CHEMBL334323,11.5265755186,0.489169977021,1995
CHEMBL334923,12.791746942,-7.43873305848,2001
CHEMBL336092,-15.5818397265,11.9585362702,1998
CHEMBL338015,10.8461084586,4.68588643362,1997
CHEMBL338115,7.10027535446,-4.9611279877,2003
CHEMBL339308,15.8303757328,8.84683162648,1997
CHEMBL339980,16.6868347192,14.962926196,2001
CHEMBL340786,10.856399018,4.58868433696,1997
CHEMBL341854,-18.9277312354,-6.36905238078,1999
CHEMBL341897,-19.5283647331,-8.10214323765,1999
CHEMBL342323,10.0445632502,-1.69228611444,1996
CHEMBL342330,-17.0305699764,-8.73430021321,1999
CHEMBL342805,-18.297768391,-8.25105225555,1999
CHEMBL343025,1.07772156549,-2.84763310576,1999
CHEMBL343105,13.1872050361,-4.78665835875,2003
CHEMBL343196,8.44306199502,-0.994106119516,1996
CHEMBL343217,-17.9739945149,-7.74638057141,1999
CHEMBL343492,13.550962708,-5.20600074385,2003
CHEMBL343648,-16.1587268089,-8.21728804569,1999
CHEMBL343667,-10.2790529307,-13.1523791779,1999
CHEMBL343712,13.7600374833,-4.78323029254,2003
CHEMBL343755,-6.26601110638,-8.57092957261,2002
CHEMBL344127,6.48522278167,-2.5296057886,1996
CHEMBL344537,-18.8992894992,-6.27170661458,1999
CHEMBL345657,-14.2402681821,-2.73975857296,1999
CHEMBL346649,-3.0376398498,7.59797200334,1998
CHEMBL347499,-2.42471693279,6.43871553614,1998
CHEMBL347501,-3.03876398067,7.60424747842,1998
CHEMBL347522,-3.2732345962,6.00686108092,1998
CHEMBL347559,-3.37818568479,5.73693447964,1998
CHEMBL347570,-8.63849967901,-11.1685581089,1999
CHEMBL347665,-11.7706163216,-11.8743219066,1999
CHEMBL348304,-14.1791609823,-5.74537827541,1999
CHEMBL348756,-5.60918402251,1.09593664977,2004
CHEMBL348811,-1.09162739446,0.227039382837,2001
CHEMBL348815,-14.518388844,-3.44650685253,1999
CHEMBL348864,-17.1128010458,-2.41325665525,1999
CHEMBL348962,-14.3234314532,-11.3853498276,1999
CHEMBL349041,-13.7991241676,-2.68997037142,1999
CHEMBL349174,-6.07709978298,-0.367891610236,2004
CHEMBL349185,-13.8868133399,-2.68809211693,1999
CHEMBL349390,-14.3774870783,-2.70874444363,1999
CHEMBL349528,-12.3416463391,-5.05732065724,1999
CHEMBL349675,-6.08538129179,-0.385490965175,2004
CHEMBL349893,-14.2251929684,-2.78358601721,1999
CHEMBL349903,-6.04782964436,-0.309977721117,2004
CHEMBL350153,-16.0347926821,-1.52726900276,1999
CHEMBL350277,-0.997101918836,0.277388880783,2001
CHEMBL350637,-1.53067291467,0.750715202729,2001
CHEMBL351036,-6.34042508239,1.04105828183,2004
CHEMBL351303,-15.2980305795,-3.61702126303,1999
CHEMBL351311,-12.7766375786,-11.4089416117,1999
CHEMBL351346,-14.409563051,-12.3637826953,1999
CHEMBL352123,-14.1178212551,-12.2456616475,1999
CHEMBL352159,-20.2223555865,-11.4882100043,1999
CHEMBL352181,-6.29378586532,1.03903063011,2004
CHEMBL353256,0.788921398719,-9.03409412405,2000
CHEMBL354210,1.74084585441,8.86336171403,1997
CHEMBL355202,23.8397952875,-3.27081466405,1999
CHEMBL355517,1.00346095655,-9.00933365551,2000
CHEMBL355910,-2.538352628,6.22527794149,1998
CHEMBL356277,9.8810095686,0.950336604198,1996
CHEMBL356315,-18.3592568179,-9.49234631822,1999
CHEMBL356359,-8.0670306889,5.73529166493,1995
CHEMBL356623,-2.84212121951,6.32033414375,1998
CHEMBL356808,-16.2270440559,-10.660847447,1999
CHEMBL356829,-2.84814496037,6.43909906968,1998
CHEMBL356923,-2.95018242899,5.45313919422,1998
CHEMBL357007,-11.8263260679,-15.166149814,1999
CHEMBL357034,1.48454715464,-2.83032369656,1999
CHEMBL357061,-2.83736344357,6.32812465434,1998
CHEMBL357130,6.9693291373,-0.353832080765,1996
CHEMBL357408,-10.1157763962,-14.678173154,1999
CHEMBL357478,11.0108438337,0.936020511112,1996
CHEMBL357634,-16.8048346861,-12.9587588308,1999
CHEMBL357681,-2.74129040773,6.60856073436,1998
CHEMBL357830,9.98176643371,0.626096608646,1996
CHEMBL358072,-15.1230005366,-12.6538601749,1999
CHEMBL358253,-2.92456056347,5.56972006081,1998
CHEMBL358406,-3.06972897261,6.2642884101,1998
CHEMBL35875,3.2390233823,-7.87486922914,1993
CHEMBL359375,-3.29971353116,5.6963814676,1998
CHEMBL359447,15.660101861,7.85237509812,2000
CHEMBL360803,-4.71716505362,-11.8525789967,2004
CHEMBL361061,16.4120232122,12.824102521,2004
CHEMBL361303,16.2793989391,13.5078743707,2004
CHEMBL361470,-13.8577094823,4.97953215975,2004
CHEMBL361729,-13.6333370054,5.35757468003,2004
CHEMBL362992,-11.4208727679,13.3436733941,2005
CHEMBL363413,-11.7084295574,12.6342879744,2005
CHEMBL364056,17.7464629171,4.83167138416,2005
CHEMBL364495,-12.6062011377,13.0861072047,2005
CHEMBL36497,5.32182409542,-6.95800005783,1993
CHEMBL365810,-12.6181486097,13.1958138367,2005
CHEMBL366322,-6.17865823726,4.70546394494,2004
CHEMBL368061,1.75653043999,8.88345330695,1997
CHEMBL369798,0.533416943422,-9.37168813178,2000
CHEMBL370128,12.5515874732,9.60857772075,2005
CHEMBL370214,15.9400394243,3.52813622112,2005
CHEMBL370625,20.6143662945,2.16399302423,2005
CHEMBL370852,20.6516388422,2.19727602192,2005
CHEMBL370896,16.9759695857,3.83926324794,2005
CHEMBL37123,5.44080160053,-7.03952630396,1993
CHEMBL371300,3.11063964239,2.32460102968,2006
CHEMBL371655,18.0661427897,3.33877496129,2005
CHEMBL372453,12.5715336329,9.63376158882,2005
CHEMBL372651,21.8376661317,2.68649046557,2005
CHEMBL372731,16.3417022054,3.18562301256,2005
CHEMBL372743,21.6517741138,2.63472740321,2005
CHEMBL37317,2.35300173597,-4.92836842997,1993
CHEMBL37462,0.950891953602,-4.532783752,1993
CHEMBL374973,13.5284490747,17.3699062702,2008
CHEMBL37629,3.71915504931,-4.90615549701,1993
CHEMBL380812,20.8572556063,2.13065330803,2005
CHEMBL381035,15.9040839823,3.61189427507,2005
CHEMBL38104,2.36201662052,-6.26691811745,1993
CHEMBL382078,21.9244646599,2.73894522556,2005
CHEMBL38413,9.66852667673,11.770305566,1999
CHEMBL38465,-9.80271037785,12.8728323344,1990
CHEMBL38482,5.3584154222,-6.97543645122,1993
CHEMBL38503,3.59653096287,-4.90717835568,1993
CHEMBL38671,2.5702651877,-6.3210446757,1993
CHEMBL38738,2.21278921602,-8.05569800785,1993
CHEMBL38918,-3.51971314466,11.5901096144,1999
CHEMBL39,7.34928461309,-1.35255657396,1990
CHEMBL391033,-12.8760492751,18.7721705441,2006
CHEMBL39111,2.33968869507,-4.52454579161,1993
CHEMBL391271,3.76216443265,13.9935946481,2007
CHEMBL391272,3.86896575034,13.8322849863,2007
CHEMBL391273,4.14260866759,13.7333411755,2007
CHEMBL39158,3.56764707529,-5.69339410368,1993
CHEMBL391661,-13.3870696105,19.4572096033,2006
CHEMBL39243,2.03726731009,-4.95959350402,1993
CHEMBL392780,2.11663776658,16.3620398379,2007
CHEMBL39296,2.52589043367,-5.37506818608,1993
CHEMBL39317,4.25408719588,-7.08634213173,1993
CHEMBL39331,4.84881906979,-7.31342279389,1993
CHEMBL393539,-13.7511783149,19.115973967,2006
CHEMBL39435,4.75606313234,-7.30703319406,1993
CHEMBL39636,3.62049556945,-5.00162741978,1993
CHEMBL39712,2.98808941155,-5.35823340937,1993
CHEMBL39801,2.92627882357,-6.19143710877,1993
CHEMBL399203,-5.351827584,6.34843664134,2007
CHEMBL399719,-10.7805557644,15.5043775737,2007
CHEMBL40126,4.85128697318,-7.33533897658,1993
CHEMBL401541,-2.93077213105,-13.9489131671,2007
CHEMBL401745,-2.57658431526,-11.8501754273,2007
CHEMBL402143,-9.5576253228,9.9925824422,2008
CHEMBL402179,-2.79753030328,-11.0512755458,2007
CHEMBL404248,-2.88089802171,-11.1675810746,2007
CHEMBL404372,-3.84244996931,-13.7722380439,2007
CHEMBL404511,-3.61563230263,-12.6499554315,2007
CHEMBL408152,-2.67442174892,-11.2785570779,2007
CHEMBL410531,15.2963823694,-10.1739308094,1997
CHEMBL412876,5.8964489546,1.6918039948,1992
CHEMBL413105,-0.914766391336,-20.0491318069,1995
CHEMBL414420,3.14577646834,-3.12314272437,1996
CHEMBL414628,10.138684193,9.49415217821,2001
CHEMBL415933,15.1708557018,-9.24826872086,1997
CHEMBL416662,15.4557316281,-10.2542125989,1997
CHEMBL416688,-10.9227757494,-12.5762460202,1998
CHEMBL417570,13.9852807889,-14.8343108134,1996
CHEMBL41844,-3.03326381462,7.57737843807,1998
CHEMBL418678,14.7511571363,-12.901850835,1996
CHEMBL418823,9.62917669317,-2.07857935158,1996
CHEMBL420191,-0.541793103341,-22.319373302,1995
CHEMBL420475,11.028116294,19.2705708134,2003
CHEMBL420748,-1.05156113288,-20.6904214141,1995
CHEMBL420874,-12.931321237,-5.63147083227,1997
CHEMBL420965,-14.398483368,-3.09153693795,1997
CHEMBL421064,11.3597549595,0.833872281489,1995
CHEMBL422191,-12.5782992369,-13.9444101039,1999
CHEMBL422192,-5.41552397749,0.539184892794,2004
CHEMBL422366,-12.5548748803,-11.7433462498,1999
CHEMBL422504,16.5356640549,7.73493266296,2000
CHEMBL422737,0.878648463981,-8.35661526201,2000
CHEMBL423022,-18.3254774867,-11.617125473,1999
CHEMBL423029,0.829180502562,-3.47952383098,1999
CHEMBL423127,-2.06827112559,-21.7832322325,1995
CHEMBL423212,-11.3285862949,-14.6146636558,1999
CHEMBL423599,-14.3025285482,-3.98557495112,1999
CHEMBL423610,0.745611064967,-8.48222069643,2000
CHEMBL423749,-17.0305699321,-8.73430015477,1999
CHEMBL423789,-6.06676494224,1.36722658472,2004
CHEMBL424128,9.3078533745,-1.37090245578,1996
CHEMBL424154,-17.0573385989,-2.42610344915,1999
CHEMBL424837,15.9871404102,3.44651664277,2005
CHEMBL425190,-11.1779604627,13.3830027396,2005
CHEMBL425919,17.8841665666,4.50020784864,2005
CHEMBL426285,21.8206615499,2.6756050317,2005
CHEMBL428991,-6.01177290753,1.3965080967,2004
CHEMBL429136,-3.63717306758,-12.7100383152,2007
CHEMBL430122,12.7071291336,11.6651540994,2000
CHEMBL431041,10.9393725446,19.115990421,2003
CHEMBL431298,7.25190796882,14.3594486178,1999
CHEMBL431866,-8.15671882596,-1.23991084915,2003
CHEMBL432332,-13.049855059,-7.49332413559,1998
CHEMBL432897,15.4064458555,-10.304664506,1997
CHEMBL43297,9.71735855654,11.8551010732,1999
CHEMBL433108,-12.977552455,-8.2926955277,1999
CHEMBL433377,-3.31409494478,11.1943873159,1999
CHEMBL433461,4.8588553679,5.03022260221,2003
CHEMBL434125,-19.4682464575,-7.80511303669,1999
CHEMBL434315,-10.4371634713,-15.3182206848,1999
CHEMBL434355,18.06080592,3.34381907322,2005
CHEMBL434974,5.43285544698,-6.24911105596,1993
CHEMBL435060,-12.9313212754,-5.63147085983,1999
CHEMBL435936,15.7918531808,3.71448334809,2005
CHEMBL435949,18.0390706122,-4.58189681988,2001
CHEMBL439240,-2.75186983071,-13.4325462652,2007
CHEMBL439849,-13.859753092,-13.4650656321,2004
CHEMBL440008,-5.56270562385,1.11172715144,2004
CHEMBL44054,-5.69400078187,-3.23066540249,2000
CHEMBL440848,3.48566607778,-4.94479873219,1993
CHEMBL441095,4.60729401822,12.9001463483,2003
CHEMBL441256,1.65074174381,-22.0017316428,1995
CHEMBL441259,1.93916569722,12.6588275993,2003
CHEMBL441296,-15.298030555,-3.6170214211,1999
CHEMBL442,-6.29579714737,-8.58139373252,2000
CHEMBL442087,-13.1674913685,19.0368818194,2006
CHEMBL442974,1.92718490122,12.6596613213,2003
CHEMBL443060,-10.2724273339,15.1758697071,2007
CHEMBL443762,15.6456550782,7.81481829988,2000
CHEMBL444341,2.03289731582,-2.8369127576,1999
CHEMBL444398,-3.60422914865,24.3734690316,2008
CHEMBL444404,13.5416548595,17.4560930582,2008
CHEMBL444843,2.71273307961,12.0276053166,2003
CHEMBL446459,-2.87270405288,-11.0994535494,2007
CHEMBL446745,13.528435289,17.3698844142,2008
CHEMBL448555,15.1859117954,14.9041475077,2008
CHEMBL448902,13.528435211,17.3698848432,2008
CHEMBL449406,9.45227874725,18.5889433241,2003
CHEMBL450281,-15.6785882292,4.37270552098,1998
CHEMBL450852,15.8496477987,15.1581040368,2008
CHEMBL451394,16.3618002644,15.6878502122,2008
CHEMBL452387,13.5284354032,17.3698845129,2008
CHEMBL453939,15.6708780233,15.903415557,2008
CHEMBL454766,15.7881349701,15.6324070303,2008
CHEMBL456458,-13.7784052849,16.4469364387,2008
CHEMBL456459,-14.7999165917,15.7708564976,2008
CHEMBL456460,-14.7391199426,15.686919593,2008
CHEMBL456684,-15.9885539709,15.5878102208,2008
CHEMBL457765,-16.026127558,15.5861930822,2008
CHEMBL457982,-16.7857666908,15.9951786911,2008
CHEMBL458001,13.7073063584,6.65329922442,2009
CHEMBL458002,13.6987701802,6.6395605994,2009
CHEMBL458199,-16.0788613568,15.727524474,2008
CHEMBL458200,-16.025185411,15.4942958104,2008
CHEMBL458220,13.7160131973,6.63780161722,2009
CHEMBL459061,-15.9952026457,15.5904222694,2008
CHEMBL459067,-15.3869896295,16.8996580478,2008
CHEMBL459068,-15.2767445555,16.9881822194,2008
CHEMBL459282,-15.3937450097,16.8815964858,2008
CHEMBL45929,-5.70037752576,-3.23297329925,2000
CHEMBL46,-9.33046952427,3.06259028112,1993
CHEMBL461670,-16.559603785,15.8738840336,2008
CHEMBL462915,-15.4459093763,16.9779513954,2008
CHEMBL462916,-14.7555573602,15.7185581052,2008
CHEMBL467094,8.32400363562,-9.64782195109,2009
CHEMBL469345,-1.87043518463,20.8447122647,2008
CHEMBL469374,-0.998977856364,20.6121823951,2008
CHEMBL469375,-1.43488114714,20.7809548289,2008
CHEMBL469376,-0.964416858638,20.2929886427,2008
CHEMBL469567,-2.17850100831,20.9048333788,2008
CHEMBL469568,-2.17537209594,20.7934443855,2008
CHEMBL469589,-0.873104066696,20.6379156042,2008
CHEMBL469995,-2.19658410427,20.7708330659,2008
CHEMBL470217,-0.719715289322,20.3459739542,2008
CHEMBL470432,12.66343107,-7.58828293947,2008
CHEMBL470849,-2.77812168225,22.0418076298,2008
CHEMBL471047,-1.12412364093,20.1937182941,2008
CHEMBL472117,-17.2313481829,14.7146620165,2008
CHEMBL472289,-2.32409495252,21.2204080703,2008
CHEMBL472290,-2.32807636057,20.927563478,2008
CHEMBL476838,-9.49343393778,9.94825165744,2008
CHEMBL476839,-9.58171723394,9.98753497472,2008
CHEMBL482562,4.58345178323,7.39309173569,2009
CHEMBL483365,-3.86066719664,22.7143116124,2008
CHEMBL483497,15.258962381,15.5418121836,2008
CHEMBL483498,15.4300464184,15.0689866447,2008
CHEMBL484059,-3.66372501622,24.1223472585,2008
CHEMBL484205,-4.01100585435,22.6070232875,2008
CHEMBL484216,-12.155665261,18.4287808041,2008
CHEMBL484260,-4.61176621502,23.736751791,2008
CHEMBL484345,4.59936567248,7.3842603555,2009
CHEMBL484386,-11.9474135904,18.4391736917,2008
CHEMBL484387,-10.2125551191,18.0622256006,2008
CHEMBL484742,-11.0029167465,17.954030818,2008
CHEMBL484743,-11.0287061924,17.7597878237,2008
CHEMBL485395,-3.9610988185,23.157521925,2008
CHEMBL485427,-11.0970814852,18.236518257,2008
CHEMBL485491,-4.58388972282,23.7123376317,2008
CHEMBL485630,-10.6847410008,18.9422660017,2008
CHEMBL487313,15.0869435459,15.6442776574,2008
CHEMBL488125,15.3476468075,15.4762491573,2008
CHEMBL488951,15.8273625646,15.0670847082,2008
CHEMBL489195,-3.59558932368,24.5593065445,2008
CHEMBL489393,-3.54766101046,21.4980674703,2008
CHEMBL489394,-3.76207360332,22.9059050397,2008
CHEMBL489408,-8.77684621004,10.02473923,2008
CHEMBL489453,13.5791424254,17.6460006261,2008
CHEMBL490211,-3.90767222783,24.7649967328,2008
CHEMBL490417,0.761434584553,21.2939635332,2008
CHEMBL49048,0.570784076943,-3.22780388033,2000
CHEMBL490633,-9.56664427055,9.98624285275,2008
CHEMBL490634,-8.74631197532,9.98929981103,2008
CHEMBL491839,-3.69380096383,24.3235971574,2008
CHEMBL494631,-11.749448401,13.3519705024,2008
CHEMBL494678,20.7678932646,3.86641396492,2008
CHEMBL494806,-12.0153149661,14.5982087125,2008
CHEMBL494991,-11.9004517676,13.475524431,2008
CHEMBL494992,-11.9194953807,13.5016020716,2008
CHEMBL495046,-15.5415406046,14.8885915865,2008
CHEMBL495075,-6.2306073328,11.9021873452,2008
CHEMBL495160,-12.0238791197,14.5299701494,2008
CHEMBL495161,-12.0414789492,14.5487537948,2008
CHEMBL495213,-15.5085013905,14.8630747674,2008
CHEMBL495217,-15.3500484224,14.7416825355,2008
CHEMBL495703,-4.85858066469,22.7043718715,2008
CHEMBL495705,-3.87472689447,23.3150542322,2008
CHEMBL495895,-13.7933406071,16.4606011597,2008
CHEMBL496098,-14.0095114379,16.7504064358,2008
CHEMBL496317,-3.73555801329,22.9099936805,2008
CHEMBL496520,-3.66096475633,22.8538080372,2008
CHEMBL497127,-13.7533955939,16.4754784464,2008
CHEMBL497963,-15.4736156212,14.8575263555,2008
CHEMBL497979,-4.47897233106,23.7490214753,2008
CHEMBL497980,-4.55270212639,23.7856319833,2008
CHEMBL49826,-5.69169674094,-3.23400361417,2000
CHEMBL498354,-13.9980709324,16.7368417558,2008
CHEMBL498355,-14.0111053396,16.7478521986,2008
CHEMBL498356,-13.7575352976,16.4617707015,2008
CHEMBL49932,17.0261716322,-11.028244195,1997
CHEMBL500230,15.3720077653,15.4549032434,2008
CHEMBL500284,13.5284354448,17.3698845261,2008
CHEMBL500488,13.5284354469,17.3698845416,2008
CHEMBL500737,15.3720077663,15.4549032391,2008
CHEMBL500749,15.3720077684,15.4549032712,2008
CHEMBL501645,15.1859118021,14.9041475068,2008
CHEMBL502138,13.5284353824,17.3698845292,2008
CHEMBL503468,15.372007765,15.4549032569,2008
CHEMBL50456,17.1266634956,-11.3497104082,1997
CHEMBL50492,0.439225588583,-3.78641848491,2000
CHEMBL50498,6.20594800543,-11.3015268608,2011
CHEMBL505750,15.3720078119,15.4549032443,2008
CHEMBL505954,15.6433740773,15.2285777332,2008
CHEMBL506942,-11.9365755325,14.6958699034,2008
CHEMBL50740,16.2316847391,-9.75631081184,1997
CHEMBL50834,0.587944681678,-5.66216439505,1995
CHEMBL50837,-0.309858684674,-4.27158217592,1995
CHEMBL509314,15.372007774,15.4549032687,2008
CHEMBL51,8.05108277433,8.99043525524,1997
CHEMBL510280,15.5956123755,15.2707845058,2008
CHEMBL51108,0.586550562106,-5.16712900524,1995
CHEMBL51118,13.6550863671,-11.8405184248,1996
CHEMBL511279,-2.19673493876,20.7708147278,2008
CHEMBL511609,7.99805864783,-8.144790782,2006
CHEMBL511815,-1.12639502055,20.1871707074,2008
CHEMBL51225,17.7448358959,-12.0076057713,1997
CHEMBL512724,-3.49796951857,22.2315273092,2008
CHEMBL513715,-2.94796797883,22.0395421192,2008
CHEMBL513875,-0.799185845694,20.2790408853,2008
CHEMBL513955,-16.1034893509,15.5745786967,2008
CHEMBL514429,-16.0959933476,15.7427079579,2008
CHEMBL515472,-9.50856962167,10.0106834951,2008
CHEMBL516088,-8.79492407919,10.0169468295,2008
CHEMBL51675,17.3854286262,-10.4613601099,1997
CHEMBL516997,-14.7025736005,15.6558685194,2008
CHEMBL517170,-16.6683843955,15.9372646147,2008
CHEMBL518545,-16.6683843812,15.9372645895,2008
CHEMBL519010,-10.2063289085,18.1382748833,2008
CHEMBL519019,-10.2407852897,18.1832896416,2008
CHEMBL519037,-10.6766242763,18.9291478699,2008
CHEMBL519492,16.3289066711,15.6594920692,2008
CHEMBL519609,-14.7677106319,11.2430858754,2013
CHEMBL52007,17.6410712757,-12.4407228908,1997
CHEMBL520129,4.57150257169,7.39702120717,2009
CHEMBL521235,13.6525627532,18.1994361472,2008
CHEMBL521506,-4.63032629954,23.7525842734,2008
CHEMBL521873,-4.85852339307,22.704374282,2008
CHEMBL522257,-1.6921324195,21.5292754652,2008
CHEMBL52264,0.544472038666,-5.12312832496,1995
CHEMBL522708,-15.5799106523,14.8639030497,2008
CHEMBL523064,-5.28087927351,22.6207450384,2008
CHEMBL523095,-3.78561592376,24.6463559814,2008
CHEMBL525362,-14.2416303008,16.6419677812,2008
CHEMBL525712,-13.9949648978,16.70183929,2008
CHEMBL52612,16.1808499542,-10.8372554089,1997
CHEMBL52625,17.0904849219,-10.9971717315,1997
CHEMBL52772,14.0976292334,-11.4775533816,1996
CHEMBL52800,17.3672017998,-10.4312254141,1997
CHEMBL52867,16.245691,-9.7355001008,1997
CHEMBL52912,-0.791065050831,-3.70527769273,1995
CHEMBL53128,0.577296862988,-5.58377807505,1995
CHEMBL53195,17.0843082719,-10.760321842,1997
CHEMBL53349,-0.859594585749,-3.69809609151,1995
CHEMBL53416,15.4925622416,-10.2993881766,1997
CHEMBL534232,6.00374268145,11.0746360442,2009
CHEMBL53467,-0.168164427359,-4.49309835738,1995
CHEMBL53485,-0.205913895709,-4.46803613457,1995
CHEMBL53490,17.6901264224,-11.8711223668,1997
CHEMBL53573,17.0862875601,-11.0510087397,1997
CHEMBL53662,15.2297994283,-9.74025531704,1997
CHEMBL53764,-2.67748006883,-3.80721438891,1995
CHEMBL54103,0.50980807084,-5.08108473527,1995
CHEMBL54125,15.2912981964,-10.1408836598,1997
CHEMBL541993,-4.29650767156,-13.4488072343,2007
CHEMBL54246,16.9436625518,-11.0131494551,1997
CHEMBL54265,-3.26186940902,-4.21421808083,1995
CHEMBL54720,14.8216637202,-13.0286408004,1996
CHEMBL54914,17.6460394405,-11.805541041,1997
CHEMBL555146,-4.07385771524,3.17609773539,2012
CHEMBL56,0.885234989609,-18.690427368,1995
CHEMBL56898,-15.5453953385,4.0984713006,1998
CHEMBL569270,17.6091058658,13.9479341628,2013
CHEMBL595449,3.065241253,2.24767729704,2009
CHEMBL599411,-13.6420948393,9.91080750568,2008
CHEMBL604102,7.14826361994,6.79270759982,2010
CHEMBL606547,-7.3025670389,-4.14657183661,2005
CHEMBL606556,-7.30206268164,-4.10760864176,2005
CHEMBL609742,-7.31549164952,-4.29337163587,2005
CHEMBL62274,15.1597915343,-14.0570526402,1996
CHEMBL62366,15.7362116799,-12.4379149305,1996
CHEMBL62445,15.8115919299,-12.4824961189,1996
CHEMBL62612,15.8446891431,-11.6747097767,1996
CHEMBL62902,12.5256985959,-12.8773196173,1996
CHEMBL62911,14.1501502619,-14.1833515968,1996
CHEMBL6310,7.73715343901,-3.72952578834,2003
CHEMBL63114,14.4992011201,-14.4732435112,1996
CHEMBL63167,-15.01097943,-9.99336015809,1999
CHEMBL63258,-13.6001251036,-7.24365714776,1999
CHEMBL63289,14.9971179136,-14.8644548439,1996
CHEMBL63354,3.13628378148,2.36510827795,2003
CHEMBL63432,-11.8594687845,-7.89349945393,1998
CHEMBL63588,14.286447112,-14.2055972665,1996
CHEMBL63713,14.6043178198,-13.6979440151,1996
CHEMBL63790,14.7869771256,-12.7380985765,1996
CHEMBL63799,-14.4383422619,-9.54878181379,1998
CHEMBL63845,12.6198085141,-12.9533142756,1996
CHEMBL63905,13.6224070596,-14.2991278677,1996
CHEMBL64003,-13.9694085214,-7.77778574492,1999
CHEMBL64004,-11.490957365,-7.81687542322,1999
CHEMBL6437,11.2392135104,7.44769571563,2002
CHEMBL64559,12.5883838542,-12.9477497813,1996
CHEMBL64727,14.050727833,-11.751800896,1996
CHEMBL64903,13.1527438354,-10.3456261434,1996
CHEMBL64948,14.9890363054,-14.0644378018,1996
CHEMBL65196,-0.236878660514,-21.2717801244,1995
CHEMBL65212,14.5123267539,-14.900322028,1996
CHEMBL65215,-12.8099667579,-8.29323123271,1999
CHEMBL65321,-11.4942268484,-7.82121889143,1999
CHEMBL65367,-12.9289862597,-12.3384918273,1997
CHEMBL65413,14.0704240594,-11.6097524317,1996
CHEMBL65669,14.9930027903,-11.6876111771,1996
CHEMBL65710,14.1500566754,-11.5194496783,1996
CHEMBL65736,14.9923645856,-14.0743492109,1996
CHEMBL65765,-14.5367501157,-9.58307587298,1999
CHEMBL65824,-14.6373305868,-9.48872897265,1999
CHEMBL65974,14.9537438798,-14.0594531261,1996
CHEMBL6621,9.8109264631,-6.69045253471,1995
CHEMBL66307,14.6020971034,-13.3842598516,1996
CHEMBL66310,13.6072170945,-14.1720825733,1996
CHEMBL6640,4.47549635331,-2.9368852029,1996
CHEMBL66408,14.932660543,-11.5293043744,1996
CHEMBL66540,15.6558046891,-12.2404591599,1996
CHEMBL67367,-11.0092806998,-12.5987053732,1999
CHEMBL67460,-14.5470328402,-9.46901679634,1999
CHEMBL67684,-14.8275873325,-9.96834371044,1999
CHEMBL68019,-14.0459768171,-7.82048833524,1999
CHEMBL68131,-7.79248289405,7.75385157657,1993
CHEMBL68390,13.1886124828,-13.6987534128,1996
CHEMBL69385,4.84396490684,12.1346979931,1998
CHEMBL69560,0.873183209332,-19.7052977506,1995
CHEMBL69562,0.497236037536,-20.6461658349,1995
CHEMBL69729,-0.518633529428,-20.7156602305,1995
CHEMBL69943,-2.41336761714,-21.8037550596,1995
CHEMBL70409,-14.277164696,4.78805061819,1998
CHEMBL70431,-1.60210862643,-20.5954818681,1995
CHEMBL70589,0.754992085802,-21.0710297907,1995
CHEMBL70606,-1.00551032984,-20.4909756966,1995
CHEMBL70652,-3.96655976801,-20.1079465653,1995
CHEMBL70680,0.528152253323,-22.1253324834,1995
CHEMBL70710,-3.6733355571,-19.1238749184,1995
CHEMBL70882,1.93582305239,-22.2546618073,1995
CHEMBL70980,-1.06237743001,-18.7069668193,1995
CHEMBL70985,1.45047274655,-21.8001466702,1995
CHEMBL71033,-15.0213883154,4.93351740641,1998
CHEMBL71091,1.21106297546,-19.128768758,1995
CHEMBL71145,-0.55122702373,-21.4013970274,1995
CHEMBL71176,-3.96632139575,-20.107903677,1995
CHEMBL71247,-2.77608027716,-20.0183534313,1995
CHEMBL71299,0.786113912827,-22.4601012516,1995
CHEMBL71319,1.45791627172,-22.3243799372,1995
CHEMBL71395,-0.186216576522,-21.6045785884,1995
CHEMBL71409,-0.436502067904,-20.637881643,1995
CHEMBL7143,7.52678605523,-3.353836823,2000
CHEMBL71469,-0.406523608193,-22.2444345991,1995
CHEMBL71474,2.41899806121,-21.3500813091,1995
CHEMBL71625,-3.66411449797,-20.4051671133,1995
CHEMBL71635,4.72090948049,12.7190881797,1998
CHEMBL71640,0.0913990084123,-22.1571924414,1995
CHEMBL71663,1.87729288526,-21.4734684665,1995
CHEMBL71676,1.01536391564,-19.0155105001,1995
CHEMBL71724,5.15144424018,11.9033073994,1998
CHEMBL71751,-15.5912628428,3.9883441789,1998
CHEMBL71798,4.79030310577,12.7302776315,1998
CHEMBL71804,-2.65838226201,-19.1593656459,1995
CHEMBL71838,4.79030310117,12.7302775828,1998
CHEMBL71899,0.615032199224,-20.7398108446,1995
CHEMBL71907,4.72090947271,12.7190882046,1998
CHEMBL72062,-0.328015677692,-22.050147037,1995
CHEMBL72088,16.0851201355,9.57510633892,1994
CHEMBL72092,17.8885478108,9.13006371595,1994
CHEMBL72107,-13.6466844164,5.4162708238,1998
CHEMBL72158,-12.6472933039,4.86884134742,1998
CHEMBL72167,-15.4762803668,5.19146468791,1998
CHEMBL72178,-14.6590831542,5.06651001064,1998
CHEMBL72285,-0.254584707631,-20.8025973852,1995
CHEMBL7257,6.89337843431,-2.31050911261,1992
CHEMBL72700,17.8895372468,9.12993782621,1994
CHEMBL72981,16.0228562604,9.52932756642,1994
CHEMBL73112,0.185560062034,-20.0932882005,1995
CHEMBL7318,7.1191403543,-3.25092850164,2000
CHEMBL73190,-15.4156852493,4.00055198564,1998
CHEMBL73281,-12.9429265611,4.94643012937,1998
CHEMBL73429,-15.4062543981,4.18397459657,1998
CHEMBL73446,17.9372957468,9.10578006938,1994
CHEMBL73670,-15.452059698,4.21706733636,1998
CHEMBL73943,-15.4192384727,3.95066222826,1998
CHEMBL74208,9.83977714175,-6.37436353967,1995
CHEMBL74594,9.88653877868,-6.55982654575,1995
CHEMBL75420,9.86803156653,-6.57627325259,1995
CHEMBL762,-14.4096233171,5.09773485262,1998
CHEMBL76237,3.84447174873,-10.1556925557,2001
CHEMBL76370,9.84865687907,-6.57417331706,2013
CHEMBL76480,1.55097385141,-0.582005705208,1997
CHEMBL76552,9.79046926454,-6.74892382294,1995
CHEMBL770,-15.5168127165,4.26083795642,1998
CHEMBL77734,9.59212508864,-6.96380837981,1995
CHEMBL79561,1.18183342742,13.1277626601,2003
CHEMBL79674,2.92430702321,11.6805012107,2003
CHEMBL79693,2.75152841816,12.0259843781,2003
CHEMBL79725,2.92321605764,11.6663827879,2003
CHEMBL79853,1.95639315799,12.7660931415,2003
CHEMBL81191,1.95507016589,13.030169417,2003
CHEMBL81485,-19.8183050552,3.66789897816,2002
CHEMBL8165,7.74207254362,-1.49229123104,1996
CHEMBL81703,1.90024513137,12.9148623037,2003
CHEMBL82204,-9.74853516576,-6.58006630145,1999
CHEMBL82488,1.91043818796,12.9755921472,2003
CHEMBL82523,1.18229603075,13.0633433497,2003
CHEMBL83112,1.21797445004,13.1458358832,2003
CHEMBL83426,-9.6781189962,-6.51333262813,1999
CHEMBL83597,-6.23459688872,-5.10181384783,1994
CHEMBL83617,1.2870300337,13.0793816822,2003
CHEMBL83658,-19.8288062665,3.59956311693,2002
CHEMBL83732,1.97161151258,12.9929885308,2003
CHEMBL84070,-9.18063582071,-5.99983851532,1999
CHEMBL84107,-6.27808818972,-5.1208890074,1994
CHEMBL84165,1.34273520789,-0.569280522555,1999
CHEMBL84171,0.844245675691,13.21118037,2003
CHEMBL84305,0.9309566571,13.2481856623,2003
CHEMBL84712,-9.91581395956,-6.6763141475,1999
CHEMBL84931,-19.8374251856,3.57679651172,2002
CHEMBL84942,-6.12122737357,-5.30232501447,1994
CHEMBL85606,-11.9366625065,1.08492509054,2000
CHEMBL85668,-9.32040944313,-6.16870273128,1999
CHEMBL85735,-19.825482543,3.59337658358,2002
CHEMBL86223,1.27665994928,-0.566146594887,1999
CHEMBL88893,-17.6873556353,-7.34746810294,1998
CHEMBL905,-0.308905706594,-4.29908724503,1995
CHEMBL91534,-18.517672804,-14.5489154113,1998
CHEMBL92139,3.76900659934,-10.1444507852,2001
CHEMBL92207,-18.5193764059,-14.547802699,1998
CHEMBL93868,3.78612493981,-10.1841940568,2001
CHEMBL94984,1.20534941136,5.20498721588,2000
CHEMBL95104,1.00808749377,4.59087010296,2002
CHEMBL95250,-3.93643647996,11.3190556296,1999
CHEMBL95387,-3.97618275504,11.3155214385,1999
CHEMBL95823,5.66376510011,16.1715380347,2001
CHEMBL96467,3.16645089149,9.28385899339,2000
CHEMBL97158,5.6326682223,16.193902804,2001
CHEMBL97211,5.70284840444,16.1425021939,2001
CHEMBL97450,9.39469232663,-1.63390529284,1994
CHEMBL97596,4.58614342998,16.9056250781,2001
CHEMBL97637,4.56948013725,16.9148883676,2001
CHEMBL98195,-3.41687959333,11.133916298,1999
CHEMBL98214,-3.38069671067,11.4431317513,1999
CHEMBL98388,-3.38069878574,11.4431564925,1999
CHEMBL98433,-3.93079351987,11.3237548154,1999
CHEMBL98434,-3.95537353547,11.3782124216,1999
CHEMBL98965,5.58753123363,16.2350657209,2001
CHEMBL99341,-3.95382230307,11.3479095248,1999
CHEMBL99584,-3.44559274193,11.1618915237,1999
