,x,y,year,in_drugbank
CHEMBL1000,26.3664113047,-23.2943114823,0,True
CHEMBL1004,25.9917557381,-15.9551666259,0,True
CHEMBL1005,-2.33021870067,-14.0240144639,0,True
CHEMBL1006,-31.8395639523,18.3392706298,0,True
CHEMBL1008,-8.75663338024,-5.15880373245,0,True
CHEMBL1009,-33.2628489454,34.8589209317,0,True
CHEMBL101,-12.7013737931,-20.6792692356,0,True
CHEMBL1013,-8.45006673445,50.9329391741,0,True
CHEMBL1016,47.2182563232,0.337775759163,0,True
CHEMBL1017,45.4547882359,-0.38088444624,0,True
CHEMBL1018,7.31184020309,21.0920319369,0,True
CHEMBL1020,-21.6034822398,-12.2220558737,0,True
CHEMBL1021,-14.6550463714,-8.62222645181,0,True
CHEMBL1023,21.3276304368,3.07771444817,0,True
CHEMBL1024,19.6927285606,19.7231740058,0,True
CHEMBL1025,-39.2820815934,-8.79480416889,0,True
CHEMBL1027,2.55472304923,-16.6616163123,0,True
CHEMBL1029,-16.0696748613,-55.9465711815,0,True
CHEMBL102970,5.44911561284,32.6496938885,0,True
CHEMBL103,42.7717131386,38.1098180924,0,True
CHEMBL103479,-12.2562761782,39.6437521978,2003,False
CHEMBL1037,7.42803204918,-12.6366337665,0,True
CHEMBL104,32.8955096371,-20.2544302297,0,True
CHEMBL1042,40.082775319,33.209217847,0,True
CHEMBL1043,-2.00384031029,-33.0634843051,0,True
CHEMBL1046,-28.5758814203,36.236239958,0,True
CHEMBL105,-32.395552039,-8.87260540818,0,True
CHEMBL105261,-12.1296650552,38.8748911239,2003,False
CHEMBL1054,-44.7720520424,-23.8367756135,0,True
CHEMBL1055,18.8811455026,-28.5308761046,0,True
CHEMBL1059,-29.5380218622,32.4313343483,0,True
CHEMBL106,29.3147676556,-7.05742090481,0,True
CHEMBL1064,40.1363205515,20.2616048429,0,True
CHEMBL1065,-18.3305003192,39.6573828589,0,True
CHEMBL1068,-18.8111923375,-12.527871836,0,True
CHEMBL1069,47.9145952961,-2.6607045081,0,True
CHEMBL107,-11.2636626226,-44.9951749148,0,True
CHEMBL1070,-11.3544005145,20.796282932,0,True
CHEMBL1071,-1.35445458529,1.01072917892,0,True
CHEMBL1072,17.2223126548,11.5516351276,0,True
CHEMBL1073,23.1930941362,-51.0375507655,0,True
CHEMBL1075,10.5000009362,-35.8786331475,0,True
CHEMBL1077,-16.9754785781,-9.46182605197,0,True
CHEMBL1077896,-6.69850604435,-10.1104972105,0,True
CHEMBL1078,30.5128883916,13.4003791447,0,True
CHEMBL1079,44.6503185905,-22.8736240309,0,True
CHEMBL1079604,-20.4349385537,11.0052798626,0,True
CHEMBL108,-18.3800775478,-14.8922910743,0,True
CHEMBL1082,-13.4423904969,50.4859967375,0,True
CHEMBL1082407,-0.0502303650102,-47.4041202588,0,True
CHEMBL1083659,22.6753803442,-26.583967503,0,True
CHEMBL1085,19.775759358,-36.5933899222,0,True
CHEMBL1087,-7.35079305403,-8.51304948264,0,True
CHEMBL10878,-12.832717322,22.9039594919,0,True
CHEMBL1088,14.8970056783,-46.3706859976,0,True
CHEMBL1088977,-32.7851253978,-47.0841972975,0,True
CHEMBL1089,-6.45395440421,-0.166256015028,0,True
CHEMBL109,-28.0316150929,0.700836272857,0,True
CHEMBL1090,-29.926893247,-45.3945806578,0,True
CHEMBL1094,-33.9968525263,-9.30550759103,0,True
CHEMBL1094966,-1.40347959595,30.8111915065,0,True
CHEMBL1095,-13.8408192291,-13.3543575932,0,True
CHEMBL1095097,45.2527798939,42.3899480748,0,True
CHEMBL1095280,-33.5889884995,-45.0086929866,0,True
CHEMBL1095282,32.1802661466,-36.7490360179,0,True
CHEMBL1095777,-0.2513166716,18.3414798168,0,True
CHEMBL1096,11.8791419359,13.5205597074,0,True
CHEMBL1096562,-7.64205532938,42.5413880533,0,True
CHEMBL1096885,-4.56089048491,-46.9584353972,0,True
CHEMBL1098,-6.15757337333,-10.0631165319,0,True
CHEMBL11,15.7247614767,-36.4779595813,0,True
CHEMBL1100,-26.2929482211,-17.0498289624,0,True
CHEMBL1101,6.1089730778,-9.22054838687,0,True
CHEMBL1102,-10.7855068302,-15.348900238,0,True
CHEMBL1103,-11.2018851026,-31.9286985831,0,True
CHEMBL1104,5.28718510458,23.0006745554,0,True
CHEMBL1106,12.0753289199,-11.2146743263,0,True
CHEMBL1107,18.0867124044,-15.665115683,0,True
CHEMBL1108,13.981984031,-22.6617739318,0,True
CHEMBL1109,2.92086851273,-35.3936190175,0,True
CHEMBL111,19.4610220338,-24.7911434035,0,True
CHEMBL1110,-31.0693946946,-16.8588337511,0,True
CHEMBL1111,1.13502940378,0.0479351418876,0,True
CHEMBL1112,11.1855203653,-15.1578108006,0,True
CHEMBL1113,25.5649194624,-34.7820218853,0,True
CHEMBL1114,-32.247895283,-34.9304206751,0,True
CHEMBL1115,4.29107362204,27.585728607,0,True
CHEMBL1117,-5.91256030957,-48.4464839395,0,True
CHEMBL1118,-5.88083720886,22.2309559375,0,True
CHEMBL112,8.81747973587,18.2932846114,0,True
CHEMBL1121,-41.8823104117,24.8124064196,0,True
CHEMBL1123,6.11190320653,-4.81265823507,0,True
CHEMBL1129,-30.3926876637,-39.9333639746,0,True
CHEMBL11298,-35.4805070351,38.6446567719,0,True
CHEMBL113,-33.818042776,-33.6765340374,0,True
CHEMBL1131,19.963771418,37.7947170579,0,True
CHEMBL1136,46.3603965456,9.79024874795,0,True
CHEMBL1138,2.35283846155,15.3589322278,0,True
CHEMBL1139,32.2735688001,22.2769505685,0,True
CHEMBL114,24.2538500792,18.7155403456,0,True
CHEMBL1144,39.1435223753,20.9002834622,0,True
CHEMBL1146,-2.83834555109,54.028205199,0,True
CHEMBL1148,21.2004772615,-46.5532647009,0,True
CHEMBL1149,-30.9468750554,40.0896684914,0,True
CHEMBL115,24.4755073187,17.288005316,0,True
CHEMBL1159650,54.3935971263,32.2521964112,0,True
CHEMBL1159655,25.7245003653,18.4283816987,0,True
CHEMBL116,-4.35172511292,-37.3768769253,0,True
CHEMBL1162,36.81670724,43.4484435257,0,True
CHEMBL1163,-42.6284206525,13.2294582244,0,True
CHEMBL1164729,25.5386234753,-6.1961916383,0,True
CHEMBL1165,-32.4968241906,23.9269578597,0,True
CHEMBL1165268,13.1568885005,19.8306362169,0,True
CHEMBL1166,-36.5976925304,23.8144540628,0,True
CHEMBL1167,-10.7117405703,-51.8406709075,0,True
CHEMBL1168,-31.680763332,22.6648554525,0,True
CHEMBL1169,15.3698453444,10.3910011531,0,True
CHEMBL1170,38.9948828825,42.8416915855,0,True
CHEMBL1171837,22.7508176545,5.34373196803,0,True
CHEMBL1172,37.641593385,-27.2709731447,0,True
CHEMBL1173655,8.916847004,-30.7672878194,0,True
CHEMBL1174,-46.4465722178,29.1336469831,0,True
CHEMBL1175,4.54706946002,10.0924829427,0,True
CHEMBL117785,-23.2827889971,18.7083839702,0,True
CHEMBL1179,-1.78634294993,8.91424026188,0,True
CHEMBL118,-3.92062694331,-29.0150371215,0,True
CHEMBL1180725,9.91798752613,-2.58467171062,0,True
CHEMBL1182833,-19.6352534329,19.5335125956,0,True
CHEMBL1183349,30.2399194708,-6.04313914785,0,True
CHEMBL1183717,17.1504069888,-7.39589383606,0,True
CHEMBL1185,-17.1858543799,29.6181574643,0,True
CHEMBL1186579,17.9685615236,32.0623971569,0,True
CHEMBL1186610,14.6703408669,-1.93324968554,0,True
CHEMBL1189432,-3.96257936988,-17.8963985285,0,True
CHEMBL1189679,-1.45503840769,-5.99524697787,0,True
CHEMBL119,-34.9160183204,5.23382776257,0,True
CHEMBL1190,-36.386932016,-12.3315078153,0,True
CHEMBL1191,0.272974209596,-34.6062539604,0,True
CHEMBL1193,25.0114897579,-13.4119922936,0,True
CHEMBL1194,-7.26621873296,-8.9278906042,0,True
CHEMBL1194287,20.1828209926,-13.2026674752,0,True
CHEMBL119443,-17.7086409067,35.1645081558,0,True
CHEMBL1194666,27.7190031472,-36.2373123706,0,True
CHEMBL1195,2.40815473576,-24.8955381452,0,True
CHEMBL1196,-1.71321944723,-23.504124062,0,True
CHEMBL1197,0.997943833747,-19.9674358626,0,True
CHEMBL1199080,29.6740664469,-19.8275391277,0,True
CHEMBL12,33.4243902943,-35.5100211911,0,True
CHEMBL1200356,-15.7132014851,49.2963023444,0,True
CHEMBL1200368,10.8597544662,10.6768358867,0,True
CHEMBL1200370,1.6693653719,-18.608226422,0,True
CHEMBL1200374,44.9374995878,35.6103402829,0,True
CHEMBL1200386,49.3067517573,32.6127109737,0,True
CHEMBL1200394,-29.4995646151,0.934616009608,0,True
CHEMBL1200412,37.8658174846,42.1997572463,0,True
CHEMBL1200436,36.4123316541,38.9010991815,0,True
CHEMBL1200438,37.4999498127,-19.0195771361,0,True
CHEMBL1200453,-31.2479983037,1.92877809059,0,True
CHEMBL1200455,-8.73250487577,-39.0661734078,0,True
CHEMBL1200468,-26.9348359725,26.8465793347,0,True
CHEMBL1200472,32.5289739396,-33.8207821973,0,True
CHEMBL1200490,-50.8846277947,21.6140724942,0,True
CHEMBL1200500,51.7629915617,29.8660829891,0,True
CHEMBL1200507,-10.7101510324,-41.5311214324,0,True
CHEMBL1200515,-9.31751093382,31.1964464422,0,True
CHEMBL1200522,-9.30226265096,13.9338769199,0,True
CHEMBL1200558,-46.0206074319,23.2528548735,0,True
CHEMBL1200572,-29.5507059336,-13.5606976935,0,True
CHEMBL1200585,39.9143375412,37.7859192235,0,True
CHEMBL1200596,22.0609570571,-4.61956272367,0,True
CHEMBL1200600,52.8588792614,36.2706912991,0,True
CHEMBL1200604,-8.28770587273,-13.0324789018,0,True
CHEMBL1200617,48.0187181174,33.8381506818,0,True
CHEMBL1200622,43.2004535379,31.8404461496,0,True
CHEMBL1200647,39.2853136193,13.3575394216,0,True
CHEMBL1200649,-48.199301147,17.3643401027,0,True
CHEMBL1200656,40.5883414922,14.9044043568,0,True
CHEMBL1200680,31.4456477901,3.99495542116,0,True
CHEMBL1200686,42.5689931021,19.9207032119,0,True
CHEMBL1200689,27.1920948853,14.858487047,0,True
CHEMBL1200694,-45.0415253728,-9.04943816887,0,True
CHEMBL1200709,-6.83816146203,-7.13456041276,0,True
CHEMBL1200714,18.2895960309,-22.9381686627,0,True
CHEMBL1200732,52.6722104797,33.9911059883,0,True
CHEMBL1200733,-43.3756474623,-8.25113230184,0,True
CHEMBL1200761,-9.2787361304,15.1628183813,0,True
CHEMBL1200790,-15.2964547171,-19.6175290364,0,True
CHEMBL1200799,32.831849292,18.4839057929,0,True
CHEMBL1200802,-20.7298943921,-21.6343899133,0,True
CHEMBL1200807,40.2261424548,45.7486079641,0,True
CHEMBL1200810,40.8978724626,30.7082692431,0,True
CHEMBL1200845,47.6527799101,38.4012352012,0,True
CHEMBL1200853,44.6618457381,40.8271985527,0,True
CHEMBL1200862,4.27007417726,17.9111269346,0,True
CHEMBL1200889,-17.8894392929,-46.2130466946,0,True
CHEMBL1200907,37.0451428621,35.8967141628,0,True
CHEMBL1200934,39.8648992834,45.2715876967,0,True
CHEMBL1200937,46.3551790947,17.4067091112,0,True
CHEMBL1200946,37.1657625007,42.72791004,0,True
CHEMBL1200959,15.8781098348,-41.2529904352,0,True
CHEMBL1200963,34.2408539793,19.8334412153,0,True
CHEMBL1200969,35.4371978755,37.7570787933,0,True
CHEMBL1200971,-6.13142544112,52.563264145,0,True
CHEMBL1200978,-3.73204626207,-25.1843319732,0,True
CHEMBL1201,19.2595163844,-32.9803974128,0,True
CHEMBL1201012,48.5648010759,37.3189485675,0,True
CHEMBL1201039,-41.223933337,-24.7817216414,0,True
CHEMBL1201046,-2.35880320093,54.3502038683,0,True
CHEMBL1201056,0.752152483111,-30.3672487847,0,True
CHEMBL1201073,-29.8691337665,42.004143082,0,True
CHEMBL1201087,-21.5531667578,34.4464124436,0,True
CHEMBL1201109,50.2811580516,35.4961016589,0,True
CHEMBL1201112,-27.4885678826,-44.7911309173,0,True
CHEMBL1201116,-13.7197403356,49.7624077774,0,True
CHEMBL1201117,-12.5017746766,14.2973106081,0,True
CHEMBL1201129,-25.178281285,-44.1613384482,0,True
CHEMBL1201131,-31.159755627,1.34891426878,0,True
CHEMBL1201134,32.98411705,25.3667660714,0,True
CHEMBL1201139,43.4916147586,43.1020539359,0,True
CHEMBL1201151,26.7451515504,35.7194993264,0,True
CHEMBL1201165,26.9568811078,35.034030581,0,True
CHEMBL1201168,18.6310715643,-51.5409567872,0,True
CHEMBL1201173,43.0774044842,37.5585474563,0,True
CHEMBL1201182,46.9741473879,19.3211498647,0,True
CHEMBL1201185,-41.7380839563,25.371045579,0,True
CHEMBL1201187,21.5896331697,-15.5850286698,0,True
CHEMBL1201191,26.4271992331,-22.1601507845,0,True
CHEMBL1201192,-12.5469081207,-9.8849519886,0,True
CHEMBL1201193,-6.48781431695,-10.0425616644,0,True
CHEMBL1201194,-14.4072473681,-51.5294625395,0,True
CHEMBL1201195,0.75677458722,51.8050878553,0,True
CHEMBL1201196,34.9240541203,-18.7321433285,0,True
CHEMBL1201197,8.62474746617,44.6108842689,0,True
CHEMBL1201199,-50.1509976754,28.1917923703,0,True
CHEMBL1201201,-0.150792718129,6.39696335492,0,True
CHEMBL1201202,-18.4050771959,-51.0664736234,0,True
CHEMBL1201204,-0.637700799759,55.7580643587,0,True
CHEMBL1201210,15.6402778803,-40.0738185998,0,True
CHEMBL1201212,-15.0296248975,22.552725013,0,True
CHEMBL1201216,11.1248169781,-13.4473129883,0,True
CHEMBL1201219,32.2290157386,38.4874342985,0,True
CHEMBL1201221,-44.1511971665,19.1970065017,0,True
CHEMBL1201232,9.5235625502,-2.33992018852,0,True
CHEMBL1201235,9.72213134659,1.22003700021,0,True
CHEMBL1201236,1.31085188984,18.8160033895,0,True
CHEMBL1201237,-23.8834343226,12.5395464391,0,True
CHEMBL1201243,-25.3346087218,40.1519712879,0,True
CHEMBL1201244,33.4344590021,38.8511701269,0,True
CHEMBL1201247,-49.3980600806,25.6438726181,0,True
CHEMBL1201248,-19.7123793543,20.1720297328,0,True
CHEMBL1201250,-22.4557257714,19.1638450639,0,True
CHEMBL1201255,-49.4331394739,27.9320804309,0,True
CHEMBL1201260,-6.53207068323,-3.89268541719,0,True
CHEMBL1201262,-4.55812138777,25.7326789933,0,True
CHEMBL1201266,28.3657404844,-9.5361070863,0,True
CHEMBL1201271,24.3741220989,-22.0048938699,0,True
CHEMBL1201283,-42.2481188339,18.8388820119,0,True
CHEMBL1201284,1.77568632875,-2.98903946993,0,True
CHEMBL1201286,8.54090327734,-4.8126486772,0,True
CHEMBL1201288,-12.8797025352,-33.4215013857,0,True
CHEMBL1201291,-10.3701480744,-39.8469987158,0,True
CHEMBL1201293,-29.7293256841,13.2112768943,0,True
CHEMBL1201294,0.14422922559,-10.3560247084,0,True
CHEMBL1201303,-6.53111492585,-25.1891004459,0,True
CHEMBL1201309,-47.7933057087,26.0970832229,0,True
CHEMBL1201314,-41.5189912348,-42.0033188989,0,True
CHEMBL1201319,1.02052426178,12.444616933,0,True
CHEMBL1201320,-31.5031606911,-3.84344710636,0,True
CHEMBL1201321,4.58823457579,-8.5215151911,0,True
CHEMBL1201325,7.9565023547,-8.76522212695,0,True
CHEMBL1201327,13.86377324,18.5470407454,0,True
CHEMBL1201334,-51.0179154206,27.1090604854,0,True
CHEMBL1201335,8.24767513377,-5.71150640604,0,True
CHEMBL1201336,-13.6592718297,-13.7680035929,0,True
CHEMBL1201338,2.91268431235,-3.52962316833,0,True
CHEMBL1201340,-5.44809484363,-23.085682749,0,True
CHEMBL1201341,-38.0746402578,-11.8049976059,0,True
CHEMBL1201345,-16.4711730086,-25.4713586599,0,True
CHEMBL1201347,1.58161573766,-13.9131488274,0,True
CHEMBL1201355,-42.0241015888,26.5978776925,0,True
CHEMBL1201356,-17.239534517,37.8967158637,0,True
CHEMBL1201358,-4.25171900312,1.20222154085,0,True
CHEMBL1201360,55.931859815,31.1918164787,0,True
CHEMBL1201361,49.8850656655,29.9707958385,0,True
CHEMBL1201388,47.7174383304,38.3616702022,0,True
CHEMBL1201404,52.7990809372,29.6093993187,0,True
CHEMBL1201407,31.7352761228,21.8133606788,0,True
CHEMBL1201746,10.559201503,52.8622457105,0,True
CHEMBL1201747,-7.20878850303,-20.127099122,0,True
CHEMBL1201748,-20.1011394068,-31.2367933385,0,True
CHEMBL1201749,52.8031514376,35.0011898839,0,True
CHEMBL1201752,43.1836757064,25.2878333025,0,True
CHEMBL1201753,32.3702025387,10.4726472914,0,True
CHEMBL1201754,37.1197672796,-4.56430727457,0,True
CHEMBL1201758,26.7322484053,-18.5709153881,0,True
CHEMBL1201760,11.9475074675,44.2316481634,0,True
CHEMBL1201764,-3.84238140227,10.1053198611,0,True
CHEMBL1201772,39.4107937938,-15.6986543483,0,True
CHEMBL1201776,4.6216835772,16.8859581122,0,True
CHEMBL1201780,-24.5378426974,44.0023315842,0,True
CHEMBL1201784,-8.39198201066,41.5107439477,0,True
CHEMBL1206,13.1727825849,-36.9053168591,0,True
CHEMBL1208,10.1103073857,34.8589169964,0,True
CHEMBL120901,-4.20694917804,32.8474244594,0,True
CHEMBL121,-29.2189015081,5.68174155151,0,True
CHEMBL1213033,-3.46485195014,-6.69115779318,0,True
CHEMBL1213252,34.4351010562,-36.7760922367,0,True
CHEMBL1213351,3.0199544214,2.71165997067,0,True
CHEMBL1213490,-39.1164677611,20.0028813314,0,True
CHEMBL1213583,37.394938634,43.9097518953,0,True
CHEMBL1214,-15.6912254244,51.5256873907,0,True
CHEMBL1214124,22.6268097125,-7.33841971183,0,True
CHEMBL1214185,47.6381176622,9.92764237019,0,True
CHEMBL1215,2.84499063779,17.783181457,0,True
CHEMBL1218,-24.0033341997,15.6904922877,0,True
CHEMBL1219,-30.2710844424,-5.31608133764,0,True
CHEMBL12198,-28.8515914342,39.339724056,0,True
CHEMBL1220,-18.2512166267,-34.8185897761,0,True
CHEMBL1221,35.5042021582,-20.8147918944,0,True
CHEMBL1229,-14.756481121,-41.4747883599,0,True
CHEMBL1229211,31.8136477004,-4.43692380456,0,True
CHEMBL1229517,29.6932735347,-29.9122877918,0,True
CHEMBL1229780,26.1551562678,-48.1682491207,0,True
CHEMBL1231,8.90681723953,-5.32548044651,0,True
CHEMBL1231723,-29.8043210636,0.242871170015,0,True
CHEMBL12318,25.1940231423,11.3344446567,0,True
CHEMBL1232077,4.23175372886,20.5399608667,0,True
CHEMBL1232313,-33.4547680435,35.7910483503,0,True
CHEMBL1232653,-30.7048011781,-42.9820730844,0,True
CHEMBL1233,-33.8509239906,-8.96776752674,0,True
CHEMBL1233584,-35.0734036806,38.5887715168,0,True
CHEMBL1234231,40.6207744427,30.6999718692,0,True
CHEMBL1234579,-7.3205660308,-27.479529655,0,True
CHEMBL1235872,-18.9441952531,-50.7495905131,0,True
CHEMBL1236539,30.8543672929,9.6649276262,0,True
CHEMBL1237,-34.0396471659,25.9090641477,0,True
CHEMBL1237042,-5.65165363692,-47.3733493504,0,True
CHEMBL1237044,-6.77205032775,18.1917978492,0,True
CHEMBL1237046,-47.6842513516,2.91711506778,0,True
CHEMBL1237054,44.4897885547,11.6750036666,0,True
CHEMBL1237119,27.1484295855,27.8699342947,0,True
CHEMBL1237121,34.409715428,5.28227103166,0,True
CHEMBL1237122,32.4471840803,22.2111894016,0,True
CHEMBL1237123,-20.669478482,20.9422850991,0,True
CHEMBL1237132,9.46436664014,-45.5750275092,0,True
CHEMBL1238,-23.0295057773,38.3393370572,0,True
CHEMBL1239,2.1872053336,-19.9546639691,0,True
CHEMBL1241,20.3256372799,-12.1232409185,0,True
CHEMBL1242,34.4236072391,-9.23367263747,0,True
CHEMBL1251,-51.3339248442,20.4912268465,0,True
CHEMBL1252,-53.0376568407,19.6239959678,0,True
CHEMBL1254682,12.8753501072,26.4658496502,0,True
CHEMBL1255800,44.2116859411,13.4274019885,0,True
CHEMBL1256,-44.2486004462,-6.81546130021,0,True
CHEMBL1257,-42.8492165508,-6.77065800279,0,True
CHEMBL1258006,22.2106077022,7.80628652832,0,True
CHEMBL1259,-17.8153500709,18.7979939286,0,True
CHEMBL126,38.0583496415,-46.1513220082,0,True
CHEMBL1262,33.9510308667,-20.1926775941,0,True
CHEMBL1263,-2.91196744679,27.7492429342,0,True
CHEMBL1265,10.2620112007,12.6685720794,0,True
CHEMBL1266,-11.8592002976,-5.91692256702,0,True
CHEMBL127,40.9980835668,7.36974961913,0,True
CHEMBL12713,15.32032827,-19.1186562307,0,True
CHEMBL1272,12.5049997685,7.14900145083,0,True
CHEMBL1274,2.8348109585,-47.8558750335,0,True
CHEMBL1276308,43.4232899517,46.8487391975,0,True
CHEMBL1278,-19.2744842939,31.5526471401,0,True
CHEMBL1279,-11.5106599283,28.8584763925,0,True
CHEMBL128,-15.6746567592,30.9564019945,0,True
CHEMBL1282,30.4249826319,-13.663199484,0,True
CHEMBL12856,21.6179672972,-7.53798064293,0,True
CHEMBL1286,-38.9252204567,13.7687578814,0,True
CHEMBL1289,42.2739535261,-28.0399030689,0,True
CHEMBL1289110,22.1140183441,-24.5235731916,0,True
CHEMBL1289601,-9.44324804159,-31.5942806243,0,True
CHEMBL1289926,13.8155324357,-9.44569504835,0,True
CHEMBL129,-26.0693724812,-36.4097241943,0,True
CHEMBL1290,-24.8883391192,13.0519300452,0,True
CHEMBL1290003,7.68871133104,0.0694500778696,0,True
CHEMBL1291,-25.0016365413,6.26311795289,0,True
CHEMBL1292,23.1257852411,-39.3184816019,0,True
CHEMBL1295,35.9836976386,-20.8465645145,0,True
CHEMBL1296,-2.29222605491,55.5940386373,0,True
CHEMBL1297,-18.3724864864,-7.11062062851,0,True
CHEMBL13,-20.9237727351,4.75792660994,0,True
CHEMBL130,4.63611344813,-39.6372681706,0,True
CHEMBL1301,-11.2607232117,7.68665435351,0,True
CHEMBL1303,11.9988346195,22.4791940051,0,True
CHEMBL1305,-9.53623699865,-3.99284892306,0,True
CHEMBL1306,35.1590915256,-12.7186284958,0,True
CHEMBL1308,-34.5717111789,-29.0712316912,0,True
CHEMBL131,49.3904622425,31.5018779918,0,True
CHEMBL1311,-25.5074254022,-56.2070637651,0,True
CHEMBL1314,-34.583508153,47.0715120702,0,True
CHEMBL1316,-17.8371982451,-8.7623966639,0,True
CHEMBL13209,32.2663532785,-40.6832757377,0,True
CHEMBL1321,15.6296502352,-28.7247379243,0,True
CHEMBL1323,-3.58884599672,-39.681795328,0,True
CHEMBL1324,-23.0062739485,-7.01146399729,0,True
CHEMBL132530,43.8438916776,36.7134919552,0,True
CHEMBL1328,-41.5147123296,25.458108222,0,True
CHEMBL13280,31.5979729795,-38.9160763489,0,True
CHEMBL13291,32.6925635358,-33.3643216538,0,True
CHEMBL1331216,5.56898573062,1.65020243286,0,True
CHEMBL1332032,14.8442265778,8.34374145557,0,True
CHEMBL1336,-8.31980083014,-35.7886199218,0,True
CHEMBL1337,16.69398392,6.59141196683,0,True
CHEMBL134,42.4748414571,-21.098478554,0,True
CHEMBL1341,-41.5378035201,-6.08634693669,0,True
CHEMBL134342,-25.2994962369,37.0221901416,0,True
CHEMBL1346,-0.920543875752,-11.959633007,0,True
CHEMBL134713,-5.83623355903,14.4009770995,0,True
CHEMBL1349,-41.6475321017,-39.8422862523,0,True
CHEMBL135,28.1072889138,33.2198922576,0,True
CHEMBL1350,21.569677712,-31.7760333721,0,True
CHEMBL135400,42.0559050259,-11.2429771386,0,True
CHEMBL1358,27.7183441309,32.3447427471,0,True
CHEMBL1359,39.8439199933,7.67688295305,0,True
CHEMBL1360,-19.2759637013,22.0142124241,0,True
CHEMBL1363,-2.78864624914,14.2038751173,0,True
CHEMBL1364,1.27292838177,31.135292946,0,True
CHEMBL136560,0.112933915347,10.5158998631,0,True
CHEMBL1369414,-25.1772729134,8.56858428514,0,True
CHEMBL137,-16.9173896866,-36.5915346735,0,True
CHEMBL1370,50.0364947837,34.2880094361,0,True
CHEMBL1371,22.7789197514,-27.2267367526,0,True
CHEMBL1372950,-22.5091663023,32.7811807941,0,True
CHEMBL1373,-10.1674799848,-7.28237186401,0,True
CHEMBL1377,25.2954257782,-34.3168991682,0,True
CHEMBL137781,-16.4105552727,35.6669168482,2002,False
CHEMBL1378,17.0507813732,-37.4050057803,0,True
CHEMBL1380,-34.9797024648,-40.4926700601,0,True
CHEMBL1382,-1.41283503782,11.2545532101,0,True
CHEMBL1388,2.82609060264,20.6301207779,0,True
CHEMBL1389,36.9658970075,46.2701952096,0,True
CHEMBL138989,-16.0095624103,35.5906861256,2002,False
CHEMBL139,31.364319999,-24.1514312143,0,True
CHEMBL1393,42.2799810206,42.2624544826,0,True
CHEMBL139367,-15.9608565092,-42.6389193637,0,True
CHEMBL1395,40.9119268415,39.0676082371,0,True
CHEMBL1396,21.2624366547,15.4282757066,0,True
CHEMBL1397,34.7722099855,-11.4959684313,0,True
CHEMBL1398031,33.8317195106,31.9663426868,0,True
CHEMBL1399,30.8346934852,-9.90130470389,0,True
CHEMBL1401,15.6477977312,7.85940066623,0,True
CHEMBL1404,-15.1892184698,10.7748454894,0,True
CHEMBL1405,23.1363634859,32.3696810694,0,True
CHEMBL14060,7.91329176082,21.3201261629,0,True
CHEMBL141,-21.5233549069,-40.6352726621,0,True
CHEMBL1410,-29.1672633701,3.36660456369,0,True
CHEMBL1412,-28.0045365082,16.7306587334,0,True
CHEMBL1413,17.8084241538,-47.8608893779,0,True
CHEMBL1419,25.5255392718,-20.4315225234,0,True
CHEMBL1420,3.85047746127,29.1790973637,0,True
CHEMBL1421,21.3163382303,-21.9275191483,0,True
CHEMBL142130,44.9457987569,43.8927933243,0,True
CHEMBL1422,33.5979204181,-6.17032229344,0,True
CHEMBL1423,11.8789579988,-18.4100315396,0,True
CHEMBL14249,-30.5416947162,-43.8676595981,0,True
CHEMBL1425,-38.6235596048,-31.8029702974,0,True
CHEMBL142703,-31.3872716507,52.3655629785,0,True
CHEMBL1428,6.43263264124,-46.1028635992,0,True
CHEMBL1430,-36.0737191102,37.7837802651,0,True
CHEMBL1431,-33.6738555442,10.3648133067,0,True
CHEMBL1433,-46.6175915883,2.50402707971,0,True
CHEMBL1434,-49.0418911729,0.915260613062,0,True
CHEMBL1435,-0.706820222949,53.2323548635,0,True
CHEMBL1436,-3.40790100291,57.2250075159,0,True
CHEMBL1437,-1.38758258581,16.088257551,0,True
CHEMBL14370,-14.0879077243,10.0573205292,0,True
CHEMBL14376,8.87514092271,-23.4600317218,0,True
CHEMBL1440,-47.7278030169,4.09917548527,0,True
CHEMBL1441,26.3057386805,-13.1000809369,0,True
CHEMBL1443,-15.1382451908,47.4610335585,0,True
CHEMBL1444,29.3276917585,-9.57801128334,0,True
CHEMBL1445,46.3193679645,37.1638730513,0,True
CHEMBL1447,25.6636690587,19.4377233077,0,True
CHEMBL1448,30.3907633642,-40.2797681069,0,True
CHEMBL1449,-14.5358164483,49.0531642185,0,True
CHEMBL1450,29.9081006714,-25.9037913455,0,True
CHEMBL1451,52.3274547466,32.6539308989,0,True
CHEMBL1454910,25.1178778535,-3.56990547044,0,True
CHEMBL1455,17.0619021984,-6.00767132215,0,True
CHEMBL1456,-41.6220015349,-2.56024191537,0,True
CHEMBL1457,15.2377810165,27.4405599049,0,True
CHEMBL1460,-31.4709760177,-40.5613025516,0,True
CHEMBL1463,-25.9234335042,-33.0425425901,0,True
CHEMBL1464,48.0258884112,-13.8377681312,0,True
CHEMBL1466,46.8618108039,-15.1201430833,0,True
CHEMBL1467,-34.8257198894,-30.1706638841,0,True
CHEMBL1469,-2.64471274098,-0.354553484734,0,True
CHEMBL1471,11.7174597061,3.94018595447,0,True
CHEMBL1472,-48.4447011664,26.4124242455,0,True
CHEMBL1472975,5.18070790711,-15.9920770866,0,True
CHEMBL1473,54.9158558929,32.8373076041,0,True
CHEMBL1475,53.4330729049,-11.4179969869,0,True
CHEMBL1479,35.5783424309,43.2679796034,0,True
CHEMBL148,40.6139540884,7.22702710694,0,True
CHEMBL1480,11.9812056338,-47.628898937,0,True
CHEMBL1480987,10.4624713744,-1.70947126212,0,True
CHEMBL1481,24.43749168,-48.8590766714,0,True
CHEMBL1482,-38.414100118,-10.382525749,0,True
CHEMBL1483,-26.7353004259,-9.36158739034,0,True
CHEMBL1484,7.9642785669,-46.478058564,0,True
CHEMBL1485,-39.5271240545,38.4416964475,0,True
CHEMBL1487,29.4812401843,11.9907315236,0,True
CHEMBL1488,-28.3587621493,-32.7907159672,0,True
CHEMBL1489,-25.4995450567,-42.8223326187,0,True
CHEMBL1490,7.78933223502,-9.13280353271,0,True
CHEMBL1491,9.71435904994,-41.7856981389,0,True
CHEMBL1493,2.42090987792,-22.9704595453,0,True
CHEMBL1496,31.519089562,12.5397727927,0,True
CHEMBL1501,52.0798310299,34.2607884971,0,True
CHEMBL1502,-29.8493076611,-4.15408718617,0,True
CHEMBL1503,-30.0877501959,-4.12729463014,0,True
CHEMBL1505,-18.2493729246,30.0410052727,0,True
CHEMBL1508,26.7374821835,-11.619566862,0,True
CHEMBL1509,43.4398529326,41.7691606292,0,True
CHEMBL1510,-19.7488059449,30.7487233914,0,True
CHEMBL1512,47.7645284158,34.2465330299,0,True
CHEMBL1513,46.996777007,-5.44718200881,0,True
CHEMBL1514,7.4020531511,-1.4929507722,0,True
CHEMBL1515,-34.026100798,-25.5657362465,0,True
CHEMBL1516,46.2015354037,-3.31983289895,0,True
CHEMBL1517,-47.1847130132,2.49867677053,0,True
CHEMBL1518,-30.17731312,-27.3553485366,0,True
CHEMBL1519,-33.0558307533,21.6218220584,0,True
CHEMBL152,-21.3154807647,-41.5416122005,0,True
CHEMBL1520,-30.0871909578,-24.6226702429,0,True
CHEMBL1521,17.2182382601,-10.6708288771,0,True
CHEMBL1522,42.3040552287,-11.6391261663,0,True
CHEMBL15245,-8.69316184708,31.7426242562,0,True
CHEMBL1525,-17.7393533035,-4.50957729772,0,True
CHEMBL1531,31.9990138956,47.2448719583,0,True
CHEMBL1532,-40.8738075266,-21.8685448848,0,True
CHEMBL1533,33.3872704257,46.6127915058,0,True
CHEMBL1534,-31.5910597083,-42.4428333693,0,True
CHEMBL153479,-14.9904785259,-58.5508859236,0,True
CHEMBL1535,21.2614836508,-15.3848300167,0,True
CHEMBL1536,42.5155385867,30.797961581,0,True
CHEMBL1537,-15.2637647742,53.2702070168,0,True
CHEMBL1539,2.60422263204,-35.2827616261,0,True
CHEMBL153984,-20.6862688067,8.25753391852,0,True
CHEMBL154,-10.2919380174,20.0108681592,0,True
CHEMBL1540,-37.292142255,-41.9233121269,0,True
CHEMBL1541,-7.24502579925,56.4472410784,0,True
CHEMBL154111,14.1474698727,10.9016875204,0,True
CHEMBL1542,-38.4180178227,-33.4833344191,0,True
CHEMBL1543,-37.2850741769,42.5566848588,0,True
CHEMBL1544,-38.1069262325,31.901006101,0,True
CHEMBL1547,-18.7883456028,-37.8517583926,0,True
CHEMBL1550,26.9010322715,26.4221284384,0,True
CHEMBL1551,34.329420497,30.6174292541,0,True
CHEMBL1554,-47.3405659437,16.9556688763,0,True
CHEMBL1560,-35.1257549524,27.9874792192,0,True
CHEMBL1561,-16.0169448623,-55.7771116705,0,True
CHEMBL1566,-16.4269754453,-47.9128616315,0,True
CHEMBL1568,-28.6281713937,-45.8284400521,0,True
CHEMBL1568698,42.0017547925,36.9622503792,0,True
CHEMBL1569487,32.3935373393,-1.3588665155,0,True
CHEMBL1570,-2.16999911147,-34.0841056556,0,True
CHEMBL157138,-14.8524227593,36.9150293538,0,True
CHEMBL1572,-13.2543321647,-54.3874048831,0,True
CHEMBL1574,-4.14571645762,-2.29526812833,0,True
CHEMBL1575,29.2450862511,34.196644162,0,True
CHEMBL1576,-35.2898188529,-6.11517725284,0,True
CHEMBL1577,-43.1311857991,-23.2064611934,0,True
CHEMBL15770,15.9992563852,-9.01819207747,0,True
CHEMBL1579,49.3711536973,31.0578621901,0,True
CHEMBL158,-3.81766499193,60.9249504127,0,True
CHEMBL1580,-26.062307682,-41.641703598,0,True
CHEMBL1581,-33.2424872601,22.2250208993,0,True
CHEMBL1582,37.8637398172,35.0378951154,0,True
CHEMBL1583,-11.83584813,50.7008089629,0,True
CHEMBL1585,-34.8358233561,15.4355005327,0,True
CHEMBL1587,-44.7254974656,-23.8765272577,0,True
CHEMBL1589,23.5498046681,-49.9669772253,0,True
CHEMBL15891,46.534371976,23.9004102708,0,True
CHEMBL159,-9.4920440467,35.5433076119,0,True
CHEMBL1590,-1.21651514817,12.7594415249,0,True
CHEMBL1591,-50.1052584885,1.66113543439,0,True
CHEMBL1592,-31.5310631579,25.361459525,0,True
CHEMBL1595,15.9659470801,26.9464996055,0,True
CHEMBL1597,-33.9451783877,-14.6659293337,0,True
CHEMBL1599,-5.26480196694,52.4501166984,0,True
CHEMBL16,-10.4390352279,-9.81063959895,0,True
CHEMBL160,-45.3431120354,17.7512783015,0,True
CHEMBL1601,-1.42146537926,51.5561516363,0,True
CHEMBL1601669,42.8945843202,29.9426931486,0,True
CHEMBL1604,-3.91794025248,55.0760520283,0,True
CHEMBL1605,-8.44291590019,58.9930978287,0,True
CHEMBL161,-5.62908173663,57.2499887584,0,True
CHEMBL1614,38.6131156108,26.8298874978,0,True
CHEMBL1615433,4.52280441554,-2.1387464516,0,True
CHEMBL1615438,2.9809218487,-8.9512270973,0,True
CHEMBL1616951,46.6664450664,42.3668737272,0,True
CHEMBL1617,50.183287083,16.10587438,0,True
CHEMBL1618102,13.2439086464,2.73483937152,0,True
CHEMBL1619,-30.1764051607,-46.0497924874,0,True
CHEMBL1621,13.822318913,-19.9579608453,0,True
CHEMBL1622,10.539085347,51.1497776812,0,True
CHEMBL1623,23.9698593622,-21.6490230947,0,True
CHEMBL1624,-38.8667444821,32.2989296297,0,True
CHEMBL1625,-5.33604993289,14.7093797176,0,True
CHEMBL1626,23.0261968935,-16.9880742332,0,True
CHEMBL1628227,-3.98566885365,-19.841511192,0,True
CHEMBL1628502,-27.1250346642,35.3269961904,0,True
CHEMBL163,-44.0971259263,11.7661646859,0,True
CHEMBL1643,-24.2357737855,-46.7298006737,0,True
CHEMBL1643895,-30.256597405,-19.309314658,0,True
CHEMBL1644,-4.26434541101,53.2559400341,0,True
CHEMBL1648,7.55319712811,-48.2387368099,0,True
CHEMBL1650,44.3792875926,38.294975587,0,True
CHEMBL1650818,-19.8553186273,53.3335409996,0,True
CHEMBL1651906,-19.3868858316,-45.5839552411,0,True
CHEMBL1652,29.6989479224,-20.4501978116,0,True
CHEMBL1655,-13.9806859832,8.2897768792,0,True
CHEMBL1657,1.8206686859,-24.7299283305,0,True
CHEMBL1660,50.3470933269,17.7385614783,0,True
CHEMBL1663,-44.7454824354,-9.62341235296,0,True
CHEMBL1664,-4.71705475297,-39.5747016768,0,True
CHEMBL1668,-8.16253716967,30.7253363902,0,True
CHEMBL1670,29.4276287712,-23.5030470684,0,True
CHEMBL1672,-5.67913282793,57.4217729378,0,True
CHEMBL1676,55.3189037787,32.7151559737,0,True
CHEMBL167731,19.1323794009,14.0590054319,0,True
CHEMBL1679,9.14639123325,51.0280794578,0,True
CHEMBL1680,-41.6582124904,25.151401948,0,True
CHEMBL1683590,43.5993538717,18.6089208472,0,True
CHEMBL1684,-44.5604828069,-20.7241433359,0,True
CHEMBL1685,11.5845999991,26.367472194,0,True
CHEMBL1689063,-38.6569425098,12.5244498535,0,True
CHEMBL1697737,33.6700009386,-38.2535265877,0,True
CHEMBL1697838,5.08677012991,-34.4561083114,0,True
CHEMBL1697841,1.34345600853,36.1800172545,0,True
CHEMBL169901,-8.30007546348,-0.160803634219,0,True
CHEMBL17,-42.1997524935,-21.1716646962,0,True
CHEMBL170179,6.21517372015,0.96719806945,0,True
CHEMBL1705373,-10.47238637,-44.5204706846,0,True
CHEMBL170988,-8.613082347,-0.369490501534,0,True
CHEMBL17157,5.44635653906,-11.360811593,0,True
CHEMBL171679,-38.2707721079,24.8475364326,0,True
CHEMBL1726,9.91661527784,-45.4994957574,0,True
CHEMBL1727,-5.3857159276,52.5997591944,0,True
CHEMBL1729,9.78207788351,-23.8917435758,0,True
CHEMBL1731,-14.228057179,54.1556670844,0,True
CHEMBL1732,-21.3797041184,36.1936855185,0,True
CHEMBL1734,-1.72916331281,-8.90243251597,0,True
CHEMBL1738,-1.08585129434,6.84842257546,0,True
CHEMBL1738797,4.57273919879,-20.5636638586,0,True
CHEMBL174,-15.0382927187,50.4374591323,0,True
CHEMBL1740065,-0.876713858614,-20.0915943257,0,True
CHEMBL1741,49.7539743335,11.5671212123,0,True
CHEMBL1742423,2.42518780434,-13.5453736607,0,True
CHEMBL1744,-0.0399027066831,-2.75435957202,0,True
CHEMBL1747,-14.3637680103,-49.2496527794,0,True
CHEMBL1750,-29.3243730751,-48.6956581743,0,True
CHEMBL1751,38.447722316,25.0424958072,0,True
CHEMBL1752,-33.819691776,-36.0540980697,0,True
CHEMBL175247,38.5084520204,19.4250430931,0,True
CHEMBL1754,-6.46882929389,-14.4623804355,0,True
CHEMBL1755,22.2767750074,1.02893377922,0,True
CHEMBL175691,1.85668742867,-27.0485164082,0,True
CHEMBL1757,26.4467036645,10.5859126832,0,True
CHEMBL176,-14.6443717546,-50.9260217308,0,True
CHEMBL1760,-0.896175007947,27.3749329409,0,True
CHEMBL1762,-6.28194923525,-8.3603314976,0,True
CHEMBL1763,-46.4566192827,-19.9522132784,0,True
CHEMBL1765291,-19.0974829686,-6.6728400434,0,True
CHEMBL1766,52.1776235334,28.6427269622,0,True
CHEMBL177,-11.7350401593,-48.82394166,0,True
CHEMBL1771,41.8063980038,-16.8719202572,0,True
CHEMBL1773,-24.5897367009,-42.3344450968,0,True
CHEMBL177756,12.1554420479,12.0964761769,0,True
CHEMBL178,-5.43399314065,-48.1861114425,0,True
CHEMBL17860,-11.7713902079,-4.97331115504,0,True
CHEMBL1789941,-40.7336350786,-30.6215388133,0,True
CHEMBL1790041,11.2562518414,-55.6805192042,0,True
CHEMBL17962,-42.773084412,35.1565791635,0,True
CHEMBL1796998,6.92997459156,29.7267519473,0,True
CHEMBL18,-10.657075805,10.0821310385,0,True
CHEMBL181,24.0451192244,-30.2423580858,0,True
CHEMBL18116,-7.73136242617,8.33763093933,0,True
CHEMBL182,-36.6452191066,-41.1582581413,0,True
CHEMBL184,-36.9766423968,-41.1816195671,0,True
CHEMBL184412,-15.023461315,-0.995890635456,0,True
CHEMBL18442,-8.61512302889,6.23801332102,0,True
CHEMBL184618,-14.3083741756,-50.9257142768,0,True
CHEMBL185,-25.7093106885,-33.116862439,0,True
CHEMBL185073,32.0455617643,40.0846440618,0,True
CHEMBL186,-6.43844722156,54.8613781205,0,True
CHEMBL1863513,46.2085501012,28.6653982551,0,True
CHEMBL1877495,-4.78705082938,-1.33342804149,0,True
CHEMBL1888176,9.6078742455,1.24838311334,0,True
CHEMBL189,24.4592706136,-5.35381792932,0,True
CHEMBL189464,-10.595165576,-23.0022155361,0,True
CHEMBL19,-44.5262653865,-16.1995457346,0,True
CHEMBL190,-32.1579859622,-34.4226001153,0,True
CHEMBL19019,16.2458609933,30.5910630599,0,True
CHEMBL1908309,-52.5104968802,25.9206542463,0,True
CHEMBL1908311,16.2859675458,-37.8062732332,0,True
CHEMBL1908360,44.5530232637,21.1954427115,0,True
CHEMBL1908940,-20.3505991398,-52.1045650324,0,True
CHEMBL1909283,-3.71546815999,-1.27484659592,0,True
CHEMBL1909286,-8.22661877485,6.1042710308,0,True
CHEMBL191,45.3919609299,-2.92442072324,0,True
CHEMBL192,-26.1666937877,-26.2056383589,0,True
CHEMBL19224,-11.1389218128,21.9592610712,0,True
CHEMBL193,7.85951842125,-45.544644273,0,True
CHEMBL193240,23.8141730561,3.91332193236,0,True
CHEMBL193482,28.4222273614,33.7579501151,0,True
CHEMBL19449,-29.7678898737,-16.7905782584,0,True
CHEMBL1946170,-8.48766287377,-36.0484051595,0,True
CHEMBL1950649,-31.4911889559,-48.623594754,0,True
CHEMBL1951143,46.1183326139,-1.12161354198,0,True
CHEMBL196,-23.3978763254,-48.1474889016,0,True
CHEMBL1963681,4.62698939706,-28.6335752351,0,True
CHEMBL1963683,30.0737202702,18.6053783795,0,True
CHEMBL197,-13.500233624,17.8762513071,0,True
CHEMBL198362,38.1306936993,-46.553321449,0,True
CHEMBL2,-37.6565880378,5.52940568797,0,True
CHEMBL20,-43.1554419864,-16.0044106185,0,True
CHEMBL2010601,-13.8675815981,29.304062747,0,True
CHEMBL2023898,-43.277315941,14.3756168038,0,True
CHEMBL2028019,13.470890749,-14.1443562096,0,True
CHEMBL2028661,47.8164720278,-0.700176252457,0,True
CHEMBL2028663,5.98172427038,-32.0876721093,0,True
CHEMBL2028850,-54.9688852715,21.4420183868,0,True
CHEMBL2040682,49.8310271589,35.0367393428,0,True
CHEMBL204656,13.3037457716,39.4400989598,0,True
CHEMBL2048484,-22.4378175268,-49.9769173507,0,True
CHEMBL2051955,29.7648983123,4.1483183177,0,True
CHEMBL205596,33.7443404233,32.2236861103,0,True
CHEMBL207197,-54.0232162216,23.7724052089,0,True
CHEMBL20883,-27.5029678993,-34.7434059111,0,True
CHEMBL2095209,-26.1079424109,28.3583749579,0,True
CHEMBL2095212,-0.026992482324,14.0253914884,0,True
CHEMBL21,-4.67800955913,-31.1281316441,0,True
CHEMBL2103749,-51.519087221,22.3945536612,0,True
CHEMBL2103752,-49.3204529836,21.5758093697,0,True
CHEMBL2103758,-49.5709617258,20.6849185984,0,True
CHEMBL2103768,8.04597244328,18.4530985683,0,True
CHEMBL2103784,-47.9380960504,27.3926334156,0,True
CHEMBL2103827,0.568662727793,17.8417025383,0,True
CHEMBL2103846,43.5866891921,47.2210352193,0,True
CHEMBL2103849,-29.3676287214,-25.8870651421,0,True
CHEMBL2103870,10.1456696695,10.1790030539,0,True
CHEMBL2103875,10.2892926427,17.9696142252,0,True
CHEMBL2103929,-47.6058958702,2.66488204537,0,True
CHEMBL2103975,-44.5490444041,26.3022861493,0,True
CHEMBL2103979,-44.7591291396,20.864070156,0,True
CHEMBL2104054,16.5978006313,-40.5115633805,0,True
CHEMBL2104150,-7.47245518663,51.6934163102,0,True
CHEMBL2104164,4.85397071168,26.2077574275,0,True
CHEMBL2104356,30.8083852995,-33.2877964466,0,True
CHEMBL2104391,-47.3084839771,21.1139784732,0,True
CHEMBL2104523,10.1891304494,-26.1438332117,0,True
CHEMBL2104585,10.9492552777,29.4288829854,0,True
CHEMBL2104900,11.7542252441,-32.7667300938,0,True
CHEMBL2104926,35.6962009753,-34.9812442059,0,True
CHEMBL2104987,-44.344740201,21.3774421897,0,True
CHEMBL2105107,42.4143181498,32.887270265,0,True
CHEMBL2105116,-24.6300658173,-44.5247772118,0,True
CHEMBL2105275,1.76828324661,37.4266682821,0,True
CHEMBL2105395,-14.4620844366,3.64576926402,0,True
CHEMBL2105399,1.72050910706,-36.1485536625,0,True
CHEMBL2105616,-21.836602097,44.7572396192,0,True
CHEMBL2105617,10.2122830455,4.74785062897,0,True
CHEMBL2105618,39.8359784597,37.6889012307,0,True
CHEMBL2105689,37.0967862175,-21.8953152345,0,True
CHEMBL2105717,-8.10241280405,-34.1005496998,0,True
CHEMBL2105737,23.6398490095,1.67911667128,0,True
CHEMBL2105745,-2.38592761,-1.31884150738,0,True
CHEMBL2105760,11.4429645887,-16.3405370441,0,True
CHEMBL2105907,-12.9650568692,50.9995898257,0,True
CHEMBL2106071,-47.3345587346,4.5749576544,0,True
CHEMBL2106246,38.2696839522,-3.60963051128,0,True
CHEMBL2106274,16.7198428515,27.4066477185,0,True
CHEMBL2106324,42.6940632445,30.5057569368,0,True
CHEMBL2106399,44.6428625316,13.8724332093,0,True
CHEMBL2106467,-11.2985621987,-1.0545633765,0,True
CHEMBL2106618,19.4109307415,-49.930816123,0,True
CHEMBL2107254,32.5091241392,-28.4108433674,0,True
CHEMBL2107333,10.0585049756,-44.3899164548,0,True
CHEMBL2107531,-34.5560138287,48.167501293,0,True
CHEMBL2107583,-24.0930997413,-57.4008756954,0,True
CHEMBL2107725,18.2676537406,-27.9530489145,0,True
CHEMBL2107784,26.3379457357,-2.09698010869,0,True
CHEMBL2107825,-35.0537573706,-44.8478195326,0,True
CHEMBL2107834,30.1816600371,-6.40606659644,0,True
CHEMBL2110569,-5.5049451955,30.8754329201,0,True
CHEMBL2110773,12.2857397882,0.550389125132,0,True
CHEMBL2111107,-17.8253708775,-47.9896307142,0,True
CHEMBL211456,2.2368217076,6.1950511847,0,True
CHEMBL21333,23.6770517429,2.80254057771,0,True
CHEMBL2135460,-51.6156181504,24.7836127506,0,True
CHEMBL2141296,30.1231508364,-44.152100774,0,True
CHEMBL2146126,-0.85535316074,33.4456403858,0,True
CHEMBL2146883,10.8716723884,17.8661981268,0,True
CHEMBL215226,-11.9967590789,-51.6337372777,0,True
CHEMBL21578,-7.31436449748,26.7800115521,0,True
CHEMBL2159122,8.49528141183,10.3327296169,0,True
CHEMBL21731,4.87984772041,7.7796801519,0,True
CHEMBL218394,-52.6070551936,13.6017549292,0,True
CHEMBL218490,-51.9422487733,-20.3468795706,0,True
CHEMBL219146,-6.40056542055,32.5029484682,0,True
CHEMBL219916,11.4101138106,-19.4824540728,0,True
CHEMBL22,-37.3257848352,2.37778884424,0,True
CHEMBL220491,-48.9984746233,-18.525913886,0,True
CHEMBL220492,-19.4212838443,-48.678773304,0,True
CHEMBL2218896,21.0487626684,23.3493941465,0,True
CHEMBL2219418,12.9717943372,31.4885855981,0,True
CHEMBL2219536,-29.6157428137,-43.821621923,0,True
CHEMBL221959,-42.5352414843,-34.1931279923,0,True
CHEMBL22242,48.2349663865,-29.6584764088,0,True
CHEMBL222559,8.8105690127,-36.5248989844,0,True
CHEMBL222645,-12.4403992388,46.5107900691,0,True
CHEMBL222813,-15.8755752112,-43.2292927374,0,True
CHEMBL222863,40.197387916,26.2899876488,0,True
CHEMBL223228,33.1912690586,-29.1651084298,0,True
CHEMBL224436,43.3609217406,13.6878000178,0,True
CHEMBL22498,-7.24697818661,1.28614241857,0,True
CHEMBL225071,8.02980979687,52.81503477,0,True
CHEMBL225072,8.52371271021,51.6387694952,0,True
CHEMBL22587,35.2330576409,-15.944728599,0,True
CHEMBL226345,-39.5652842902,-34.3313498908,0,True
CHEMBL22744,-11.6961614205,26.5060674979,2008,False
CHEMBL229383,38.5079595221,15.6946874872,0,True
CHEMBL23,-8.07881336486,16.159168621,0,True
CHEMBL231068,9.86002402068,-17.2565511733,0,True
CHEMBL231779,-14.5259698017,21.522985259,0,True
CHEMBL231813,-52.6865654954,13.5976233727,0,True
CHEMBL231884,-9.68644554248,-42.6090404982,0,True
CHEMBL23194,-29.2694961894,16.2409221613,0,True
CHEMBL235668,-28.630050967,-32.2366482028,0,True
CHEMBL236297,50.4794067413,15.6935600914,0,True
CHEMBL2368925,-13.3673819992,30.360885961,0,True
CHEMBL237500,-31.6179418619,-31.0576027452,0,True
CHEMBL238804,16.3000239999,-12.423928886,0,True
CHEMBL2391541,-14.7030597452,25.2296149774,2013,False
CHEMBL24,-21.6410772786,3.32310521087,0,True
CHEMBL240597,36.6873278641,31.5653718704,0,True
CHEMBL243712,48.1444073739,-31.9299560262,0,True
CHEMBL24441,25.1760190198,-14.2762484798,0,True
CHEMBL24778,-11.2506461169,10.9099551151,0,True
CHEMBL24828,9.08441039585,-28.8783491211,0,True
CHEMBL248702,-0.858593109962,5.3642079044,0,True
CHEMBL249837,-45.7147821647,2.28323550248,0,True
CHEMBL249856,-22.7999086559,-11.3229639175,0,True
CHEMBL25,14.6426665454,9.7146069439,0,True
CHEMBL250270,5.40549121409,-44.2532366172,0,True
CHEMBL251634,48.3202427962,30.3708787627,0,True
CHEMBL25202,18.8043132332,3.46356308002,0,True
CHEMBL253371,0.827821782229,-3.57652866088,0,True
CHEMBL254219,39.07219798,28.030948762,0,True
CHEMBL254316,31.9219930712,-4.15926161951,0,True
CHEMBL254328,33.71148072,36.7089285379,0,True
CHEMBL255044,32.0403383911,-1.70422743628,0,True
CHEMBL255863,18.530467885,-1.07566513453,0,True
CHEMBL256087,-16.897671798,-26.5704337616,0,True
CHEMBL259209,-8.41010610622,-14.1641901544,0,True
CHEMBL26,47.4244408261,-28.4836872993,0,True
CHEMBL262777,-49.4630101732,19.4621535808,0,True
CHEMBL263881,-16.9381730829,36.180654513,2002,False
CHEMBL264241,-48.0916103393,13.4669969303,0,True
CHEMBL264374,17.1835003332,-26.6572746679,0,True
CHEMBL265502,21.3504355661,1.74108798704,0,True
CHEMBL266195,-22.018691041,7.73515983189,0,True
CHEMBL266481,-48.06352479,22.6818677129,0,True
CHEMBL267345,41.4885937609,15.0579804488,0,True
CHEMBL267615,-13.6357807277,25.7688635116,2000,False
CHEMBL267648,10.4736585879,41.6568236473,0,True
CHEMBL267894,-17.5093882837,-22.9491031555,0,True
CHEMBL268254,32.8172626205,-36.6450510947,0,True
CHEMBL269732,47.08308408,15.8625433724,0,True
CHEMBL27,-19.5748760256,3.59040269211,0,True
CHEMBL270190,9.21490549897,25.0762873362,0,True
CHEMBL272427,36.5012059284,32.6089214578,0,True
CHEMBL274323,-36.2365640261,38.6947177068,0,True
CHEMBL275084,-34.1912368452,-34.7269122152,0,True
CHEMBL27577,-5.04694096741,22.9482756211,0,True
CHEMBL276815,-37.7485948124,33.8164275319,0,True
CHEMBL276832,6.51583955412,-18.5191053657,0,True
CHEMBL276864,-3.2453784228,-4.29968867495,0,True
CHEMBL277062,33.2461093752,-40.687303415,0,True
CHEMBL277474,-26.704173637,-7.0380221993,0,True
CHEMBL277535,33.0798049609,-20.0383353589,0,True
CHEMBL278020,6.80322837954,28.137673839,0,True
CHEMBL27810,-23.0716877313,7.46851219854,0,True
CHEMBL278172,1.45653819357,-24.6119400849,0,True
CHEMBL278315,49.0977358004,18.1388389004,0,True
CHEMBL278398,-5.87438250749,-16.3377596747,0,True
CHEMBL278819,6.75862236743,-19.0710560283,0,True
CHEMBL279014,-1.05165223455,-6.19236168803,0,True
CHEMBL279785,-37.6154295568,20.8188099159,0,True
CHEMBL279898,-32.8325597815,-33.6090334079,0,True
CHEMBL280728,15.4538955114,5.11760148034,0,True
CHEMBL281594,1.15710563219,-4.30513829025,0,True
CHEMBL281786,14.3273028043,29.1405010938,0,True
CHEMBL282724,1.13369930572,-38.7627490031,0,True
CHEMBL282971,19.2880974193,-18.9129864741,2002,False
CHEMBL283754,-27.6951812399,9.19456448766,0,True
CHEMBL283800,-33.7094831719,10.8767140513,0,True
CHEMBL284348,20.5018037873,-2.91613065795,0,True
CHEMBL284718,-36.5657312776,44.8638056397,0,True
CHEMBL287631,37.3108662959,-34.6344533508,0,True
CHEMBL288441,9.49659438325,-28.3998455419,0,True
CHEMBL289228,36.18857274,-18.2809784775,0,True
CHEMBL29,-14.7993552095,49.2106908963,0,True
CHEMBL290194,46.2217747451,-32.0657928875,0,True
CHEMBL291157,10.8489677466,38.6344320742,0,True
CHEMBL291747,-38.0801495304,37.8488758449,0,True
CHEMBL291962,-40.8017060296,37.5679043327,0,True
CHEMBL29292,-39.0886884257,20.5946783782,0,True
CHEMBL29410,17.7004687462,-21.7242325109,2002,False
CHEMBL294199,-14.4227053356,19.3484267335,0,True
CHEMBL295698,36.4989859886,-15.5284591363,0,True
CHEMBL296306,-17.4376798754,-48.4091958673,0,True
CHEMBL296419,0.0371464873694,-13.5869983124,0,True
CHEMBL3,21.0183579169,7.72255143976,0,True
CHEMBL30,-33.3597145161,-19.322306034,0,True
CHEMBL30008,16.1996996319,-8.08807369556,0,True
CHEMBL301265,-25.6945242678,-1.72707163907,0,True
CHEMBL301523,-36.1046156031,34.1530430302,0,True
CHEMBL302795,35.0008516793,1.79872385001,0,True
CHEMBL30400,-1.68884929791,24.3969179073,0,True
CHEMBL305380,-22.3104507966,11.1877855941,0,True
CHEMBL308954,-1.88974021092,-26.7790251033,0,True
CHEMBL31,14.8051282175,40.2931017481,0,True
CHEMBL311226,-16.2672631776,-56.7686663848,0,True
CHEMBL3137301,-29.2603367417,23.214112862,0,True
CHEMBL3137312,-21.4311929074,-2.8184988992,0,True
CHEMBL314010,-18.7631366554,10.8277183723,0,True
CHEMBL314854,-27.1657388194,3.57552191643,0,True
CHEMBL315021,45.5354216262,-4.59123218034,0,True
CHEMBL31601,-42.3212567422,22.1446320738,0,True
CHEMBL316157,-4.34641450152,50.60114831,0,True
CHEMBL32,13.1809223984,41.1564560025,0,True
CHEMBL32350,-20.5430597182,32.1243245028,0,True
CHEMBL323533,21.6987057863,33.3008289016,0,True
CHEMBL325041,30.0653106427,-44.352124693,0,True
CHEMBL325795,-15.5187215946,18.587530281,0,True
CHEMBL32800,-2.39207931197,24.5190175042,0,True
CHEMBL328250,38.114192207,-32.1721214082,0,True
CHEMBL33,13.3956218525,43.4283248321,0,True
CHEMBL334966,-27.7469432657,-48.4585750417,0,True
CHEMBL339427,-19.1441374624,15.371248924,0,True
CHEMBL33986,12.1666947769,28.8996151635,0,True
CHEMBL34259,10.763453659,52.2810624782,0,True
CHEMBL342672,-51.5788308161,27.244806015,0,True
CHEMBL343755,-16.3734401677,35.2376278584,2002,False
CHEMBL344159,22.6748173873,0.415611819857,0,True
CHEMBL345524,9.19914040086,-17.2426650851,0,True
CHEMBL346059,-25.2371921883,-5.62713235665,0,True
CHEMBL346331,3.89848280029,4.95921782256,0,True
CHEMBL347862,-28.3961580565,43.651762581,0,True
CHEMBL35,-41.0588642576,-20.8096070511,0,True
CHEMBL350221,-20.449171902,24.4170194822,0,True
CHEMBL35084,-23.7049246158,22.0847545544,0,True
CHEMBL354541,9.77748818714,-9.20951620068,0,True
CHEMBL357021,-5.40296404997,-6.02636088482,0,True
CHEMBL357995,-17.58061503,6.50929997636,0,True
CHEMBL359164,-22.4139878324,-40.3058851705,0,True
CHEMBL36,29.3445372211,-17.0437794848,0,True
CHEMBL360055,-16.9009206006,10.6523512742,0,True
CHEMBL360328,26.8703091615,-25.9950912245,0,True
CHEMBL365795,-20.1158921966,-8.91493966769,0,True
CHEMBL36715,-35.435835073,15.0528186978,0,True
CHEMBL370143,-15.570154393,-48.9418593228,0,True
CHEMBL371197,-15.0335427254,-57.4677942163,0,True
CHEMBL373742,-51.9995218164,25.5967625283,0,True
CHEMBL374478,51.3186654405,15.769463322,0,True
CHEMBL374731,-31.9937155321,-40.0869096371,0,True
CHEMBL374975,38.0097817688,29.6790749846,0,True
CHEMBL376140,-49.7923958363,2.11734539519,0,True
CHEMBL376359,-31.8505420693,-30.9502105855,0,True
CHEMBL376488,14.0554734392,-4.9188476896,0,True
CHEMBL376685,-49.7026769344,24.3711468852,0,True
CHEMBL37858,13.0049577886,37.5724200601,0,True
CHEMBL38,21.2967897715,38.8120335565,0,True
CHEMBL383634,22.4727370722,-51.6546806719,0,True
CHEMBL384467,50.794502214,26.9353670559,0,True
CHEMBL385517,-31.4911889157,50.8278371641,0,True
CHEMBL386630,41.9268407901,38.8039353962,0,True
CHEMBL387326,-10.0123064097,17.7695809759,0,True
CHEMBL387675,-44.9701220306,23.6583805691,0,True
CHEMBL388931,-29.6404029857,-45.8742176701,0,True
CHEMBL389621,44.920066419,39.1982601588,0,True
CHEMBL39,-18.04439756,28.2255555723,1990,False
CHEMBL395429,-51.2712305708,22.8893271774,0,True
CHEMBL397420,46.9658041308,-14.3059600263,0,True
CHEMBL398435,-25.7505108777,-49.5703695735,0,True
CHEMBL398707,19.7037285731,29.2789345789,0,True
CHEMBL398880,17.6766515534,-37.7134941982,0,True
CHEMBL399121,-2.48287712366,16.7935245645,0,True
CHEMBL4,12.9363427566,42.25746273,0,True
CHEMBL40,-15.943973345,-16.9130442259,0,True
CHEMBL403,-25.0387282377,49.7195855745,0,True
CHEMBL403664,-48.5264149293,21.1929020079,0,True
CHEMBL404,-25.0261619495,49.3760009243,0,True
CHEMBL404108,31.9185795442,-24.1756760088,0,True
CHEMBL404116,39.2663145714,16.228076769,0,True
CHEMBL404216,-12.7584751388,15.662552214,0,True
CHEMBL404422,-16.7987776716,-25.2855579251,0,True
CHEMBL405,-6.05704676936,-0.243585375845,0,True
CHEMBL406,19.3435671553,-28.812804553,0,True
CHEMBL406393,34.827671831,32.9252494678,0,True
CHEMBL407,6.56304681192,-25.9245181056,0,True
CHEMBL407135,-43.8110267935,16.3416303486,0,True
CHEMBL409,-2.42005025495,-43.0928926996,0,True
CHEMBL41,3.64488004218,9.00651737212,0,True
CHEMBL411,7.53749856119,21.1828915041,0,True
CHEMBL413,46.5593667968,18.4930834896,0,True
CHEMBL41355,28.5870495245,-1.42745554985,0,True
CHEMBL414357,-44.1905641935,24.0860162078,0,True
CHEMBL415,14.6917353001,-32.3317890351,0,True
CHEMBL415324,7.31264220316,11.460792354,0,True
CHEMBL415606,-52.0560056655,21.1857328319,0,True
CHEMBL416,50.8631393946,-10.1385976761,0,True
CHEMBL416146,24.0342425085,-1.40524985557,0,True
CHEMBL416956,4.62532513072,-6.59389655373,0,True
CHEMBL419,-3.37701646816,-29.3716638285,0,True
CHEMBL42,24.4075683128,-37.5094522692,0,True
CHEMBL420,34.0816495047,-26.2208483821,0,True
CHEMBL421,33.6181676952,-9.31713440685,0,True
CHEMBL422,17.3740147748,-37.0504632603,0,True
CHEMBL422330,19.3912204278,-17.6297530996,0,True
CHEMBL42336,-37.6931123035,37.9256658477,0,True
CHEMBL426926,-10.7748849413,-49.2759303939,0,True
CHEMBL427,18.3006299052,17.5232616085,0,True
CHEMBL427216,24.2601210909,-48.3615936937,0,True
CHEMBL428,5.0666455128,38.3230674392,0,True
CHEMBL428647,-18.5636115002,-31.1573315493,0,True
CHEMBL428880,-17.2153249631,12.5905409952,0,True
CHEMBL429,-5.1123741453,23.2086169439,0,True
CHEMBL43,-22.5241602335,-2.02730675182,0,True
CHEMBL430,8.09174616814,39.2056671546,0,True
CHEMBL43064,15.8277061104,-0.799500918477,0,True
CHEMBL43068,-35.6896317156,36.5279141215,0,True
CHEMBL431,-31.5439915316,25.104071849,0,True
CHEMBL432162,45.6535871763,-2.79713064561,0,True
CHEMBL432713,-18.4189823632,25.3510668262,2001,False
CHEMBL434,-2.10428065967,24.0784898182,0,True
CHEMBL434394,-11.0577923239,-25.2914892636,0,True
CHEMBL43452,31.0754913506,6.25567424263,0,True
CHEMBL435,-44.5648182701,-22.8073139406,0,True
CHEMBL435191,-24.6942632778,-43.4027118812,0,True
CHEMBL437,-0.0350401635407,-35.5380623856,0,True
CHEMBL438,5.28734379844,-31.9494310139,0,True
CHEMBL439,5.47823227821,-36.6487653813,0,True
CHEMBL439849,-14.8196163407,27.4233587242,0,True
CHEMBL440,-18.1860519206,-24.8071263886,0,True
CHEMBL440283,31.0963364808,36.4174264699,0,True
CHEMBL440294,14.9479564076,-21.9157943012,0,True
CHEMBL441,-17.0248406893,-22.3103373455,0,True
CHEMBL441738,-48.3633946309,25.9727711094,0,True
CHEMBL442,-20.3729838735,39.5937177234,0,True
CHEMBL443,-2.16585198692,-35.9268155852,0,True
CHEMBL44354,-5.75416590817,60.199597404,0,True
CHEMBL444633,50.8204734738,17.5991877464,0,True
CHEMBL444814,-38.5485226046,36.2910986137,0,True
CHEMBL445,-3.94444756592,-19.253709984,0,True
CHEMBL445022,-9.46318918894,33.7471776723,0,True
CHEMBL445472,36.01952011,33.9905044355,0,True
CHEMBL446,1.34258527777,-34.256531061,0,True
CHEMBL44657,-8.35066882597,-47.7354903555,0,True
CHEMBL447,-20.454860869,-22.3904254451,0,True
CHEMBL447878,-17.2307112828,-43.9350158755,0,True
CHEMBL44793,8.36113592437,12.8262950982,0,True
CHEMBL448,-17.4746791777,-22.497180324,0,True
CHEMBL44884,-26.5547238208,-1.72495601985,0,True
CHEMBL449,-17.5597285122,-21.3518811398,0,True
CHEMBL449118,-16.6355007792,-49.6682334503,0,True
CHEMBL45,-13.6615775682,23.8268634498,0,True
CHEMBL450,-18.3276454508,-21.6376217508,0,True
CHEMBL450449,-21.0812199342,17.5649339518,0,True
CHEMBL451,30.5954677608,-36.3009757742,0,True
CHEMBL451887,-41.1966027172,20.095265389,0,True
CHEMBL451930,-47.4951354257,17.9335274128,0,True
CHEMBL452,31.88309407,-39.8436146641,0,True
CHEMBL453,1.41003063864,-36.7236103162,0,True
CHEMBL454,-21.1448498357,-24.6995732738,0,True
CHEMBL454446,-5.88157679127,59.6955391186,0,True
CHEMBL455,-2.24714340316,-36.4743070252,0,True
CHEMBL456,24.4803125003,22.6833783265,0,True
CHEMBL45627,-12.8846408638,33.779064856,0,True
CHEMBL457,-12.4844255193,2.44770951913,0,True
CHEMBL457547,-48.2882460137,13.0717444282,0,True
CHEMBL459,1.98326144851,18.8757768357,0,True
CHEMBL459265,-6.60685159452,-24.406831152,0,True
CHEMBL459324,18.5598397167,25.2947794274,0,True
CHEMBL46,-30.9242390305,-19.2210016001,0,True
CHEMBL460,4.66139200402,-20.8544836287,0,True
CHEMBL460026,-24.5718017295,31.2716620054,0,True
CHEMBL461101,11.2567401115,8.21307614132,0,True
CHEMBL46286,29.9804474171,26.3814762639,0,True
CHEMBL463,14.8577980121,-26.8370416748,0,True
CHEMBL465,23.2393839617,23.5793559027,0,True
CHEMBL465123,2.62708151061,9.1809409699,0,True
CHEMBL46516,12.7493400128,-18.6457431418,0,True
CHEMBL467,-22.7094754128,-17.7956911211,0,True
CHEMBL46740,-15.9908868454,-3.74756215312,0,True
CHEMBL468,27.0854482073,6.1720468673,0,True
CHEMBL468837,-22.6136562191,-20.7216577223,0,True
CHEMBL469,-21.7424290452,-13.4602068544,0,True
CHEMBL47,25.2769717781,26.1751380714,0,True
CHEMBL47072,1.14945902661,3.72631836244,0,True
CHEMBL471,-19.2068264789,-0.955711572262,0,True
CHEMBL471498,-34.5858510952,19.4731302086,0,True
CHEMBL471737,-13.8399386803,17.5455951656,0,True
CHEMBL472,22.8127999389,-52.003810234,0,True
CHEMBL473,-19.1423599728,1.14181808288,0,True
CHEMBL473417,23.2873143207,-1.12400487256,0,True
CHEMBL47386,-2.5451644081,17.5039303409,0,True
CHEMBL474579,1.07834056023,52.7034890615,0,True
CHEMBL475534,6.70364144983,-45.9766571091,0,True
CHEMBL476,38.4391444576,-6.0291552061,0,True
CHEMBL476960,-16.3988070047,-54.4084732848,0,True
CHEMBL477,-29.2777847316,-44.3275399145,0,True
CHEMBL477772,-2.77019502264,-28.8447041432,0,True
CHEMBL479,15.3701879373,-43.8865819012,0,True
CHEMBL479579,-44.346347714,26.8426119955,0,True
CHEMBL480,-28.7487266345,-5.32135188202,0,True
CHEMBL480517,-4.86962359887,49.6233207147,0,True
CHEMBL481,-1.7612024428,39.4665895315,0,True
CHEMBL483,-34.4032792235,-45.2622016137,0,True
CHEMBL483254,-20.6236552154,25.0966480528,0,True
CHEMBL485,16.1560039515,25.4394847774,0,True
CHEMBL487253,-32.6686097487,30.4487148073,0,True
CHEMBL488,-11.3372592518,-20.2197936476,0,True
CHEMBL49,6.96586743562,-15.4675994711,0,True
CHEMBL490,6.44361691656,14.9406345478,0,True
CHEMBL49080,-0.357329345506,27.1040851521,0,True
CHEMBL491571,38.552156693,5.41799433602,0,True
CHEMBL493,-19.2041244384,40.3597198885,0,True
CHEMBL494,34.6890417741,22.2075450249,0,True
CHEMBL494753,21.6720585226,32.0645632002,0,True
CHEMBL495,31.7472507519,24.5659740592,0,True
CHEMBL496,39.3148749701,-24.9758004601,0,True
CHEMBL497939,6.34767290382,14.2758420134,0,True
CHEMBL498,21.5035632989,-42.0464026871,0,True
CHEMBL499,-24.7973132083,12.2832214852,0,True
CHEMBL499808,-46.6914741034,14.2834890376,0,True
CHEMBL499915,38.9672210906,41.0458765273,0,True
CHEMBL5,9.80577258221,38.8209926021,0,True
CHEMBL500,-19.698821357,6.45116057508,0,True
CHEMBL501637,37.345561364,26.7526856782,0,True
CHEMBL501849,-11.1900058425,18.3613250965,0,True
CHEMBL502,-7.69663467479,6.66025297247,0,True
CHEMBL503,39.4488403026,21.5213697113,0,True
CHEMBL504,-12.2839102651,-11.0747834502,0,True
CHEMBL504802,-19.7657648009,49.9680006285,0,True
CHEMBL505,23.9701762119,-16.0322526062,0,True
CHEMBL506,17.0481027259,-14.0666318514,0,True
CHEMBL506871,-9.63581765574,27.2037589352,0,True
CHEMBL507674,-0.519400270162,54.6598540492,0,True
CHEMBL508102,-34.2700114755,-24.9625015374,0,True
CHEMBL50882,-26.1683811737,-6.46038859291,0,True
CHEMBL509,8.79211773384,8.8763141375,0,True
CHEMBL511,21.2341370887,-12.9190725086,0,True
CHEMBL511115,-15.3142482558,18.321767669,0,True
CHEMBL513,-24.1644731685,-25.9205010486,0,True
CHEMBL514,-23.608207641,-26.5901214063,0,True
CHEMBL514800,-15.1623419783,12.1885810639,0,True
CHEMBL515,-33.0927634199,30.4992910066,0,True
CHEMBL515606,-30.8599336963,26.3069731882,0,True
CHEMBL516,-8.24833376774,-21.3710583524,0,True
CHEMBL517,24.2420393702,-13.3834545156,0,True
CHEMBL517427,7.04498304403,-46.9843771321,0,True
CHEMBL517712,8.23303306473,2.76380180111,0,True
CHEMBL519504,0.339564366929,0.107117281881,0,True
CHEMBL52,-2.55403605441,20.533577971,0,True
CHEMBL520642,-9.56400113086,57.7096110449,0,True
CHEMBL521,-17.4265038961,-8.2499894655,0,True
CHEMBL521589,-0.0208858381529,27.2125816605,0,True
CHEMBL522038,-33.2860038712,24.877856129,0,True
CHEMBL524004,10.4333508954,1.41043027067,0,True
CHEMBL52440,11.5896836401,25.7551727667,0,True
CHEMBL525076,-45.1134168475,22.8165874276,0,True
CHEMBL525610,-44.957950442,28.0063692193,0,True
CHEMBL526,-11.2156112015,-0.221759723335,0,True
CHEMBL527,35.4565565785,0.878046516017,0,True
CHEMBL529,47.4223252158,11.5291361295,0,True
CHEMBL53,-18.1048536478,16.8998523258,0,True
CHEMBL530,-18.8600887563,52.6610356636,0,True
CHEMBL531,-21.5502230091,32.8020630926,0,True
CHEMBL532,47.4500994795,10.0131477499,0,True
CHEMBL533,-20.2235261644,-1.13948889925,0,True
CHEMBL534,-7.68732212309,-20.7293411677,0,True
CHEMBL53463,-5.56701160575,-47.4192849577,0,True
CHEMBL535,12.7199472161,-25.4712190396,0,True
CHEMBL537,2.40109771952,22.1207259721,0,True
CHEMBL539,-28.9902516325,42.3738035767,0,True
CHEMBL53950,25.4561583564,12.2315775635,0,True
CHEMBL539697,-7.45026236607,40.2712808431,0,True
CHEMBL54,14.0779426206,-22.3976338877,0,True
CHEMBL54440,39.8911876311,19.7918178455,0,True
CHEMBL545,-34.533126389,-14.0235144681,0,True
CHEMBL546,-22.8386972815,5.81874414643,0,True
CHEMBL54661,18.9402144631,-33.3296499963,0,True
CHEMBL547,21.3463507147,38.622631989,0,True
CHEMBL548,31.3884910714,23.4966534712,0,True
CHEMBL549,27.0768971441,-9.42819961127,0,True
CHEMBL54922,-38.4166100651,40.0062403768,0,True
CHEMBL54976,-17.6612531892,27.7623788949,0,True
CHEMBL55,-11.4019706721,7.8462016491,0,True
CHEMBL550348,11.9989470993,11.1405430534,0,True
CHEMBL551654,-7.83982122306,58.6421944303,0,True
CHEMBL551978,-13.5111510223,12.3712229693,0,True
CHEMBL553,8.17329037451,-29.5725742686,0,True
CHEMBL554,9.97329311243,-31.4925940143,0,True
CHEMBL55400,-1.78485664978,-31.8928814401,0,True
CHEMBL556,-30.9923044935,14.1082484119,0,True
CHEMBL557217,-44.8067692357,27.7802344089,0,True
CHEMBL558,-6.27404743396,1.66204558195,0,True
CHEMBL560,9.47664579429,25.7509920702,0,True
CHEMBL561,13.9496639743,38.6670605338,0,True
CHEMBL562,-3.81014360403,16.8129874307,0,True
CHEMBL563,-18.6208868366,-7.0482303651,0,True
CHEMBL564,16.0052702466,-36.7681847598,0,True
CHEMBL564085,47.4449234939,12.165833827,0,True
CHEMBL565,27.3086496602,-29.7621653638,0,True
CHEMBL566534,34.7831863203,29.2437451309,0,True
CHEMBL567,18.4496328919,-35.1914305475,0,True
CHEMBL568,34.5302721619,-36.4969471008,0,True
CHEMBL569,1.89089741299,-25.5930099776,0,True
CHEMBL57,21.3408772847,-9.3315005661,0,True
CHEMBL570,16.1173815738,-38.6030349173,0,True
CHEMBL570071,23.141686629,2.75713693519,0,True
CHEMBL571,-20.2676222271,-5.82713115152,0,True
CHEMBL572,-16.6330598787,-33.371994377,0,True
CHEMBL573,19.0673569352,7.5829289517,0,True
CHEMBL576,-28.268469819,40.9378597362,0,True
CHEMBL578,-32.822875095,25.8179331224,0,True
CHEMBL58,16.24756059,15.5079204939,0,True
CHEMBL580,36.6072146224,-37.9594855057,0,True
CHEMBL582887,-21.5745990531,-42.9544424155,0,True
CHEMBL58323,-19.3538150028,46.708322722,0,True
CHEMBL585,31.5742456551,-15.3881378343,0,True
CHEMBL588,0.275451055324,23.255676834,0,True
CHEMBL58832,-34.311800074,45.8794636532,0,True
CHEMBL589,-1.52651993581,-12.4507191328,0,True
CHEMBL59,-1.77119812977,21.4103255165,0,True
CHEMBL590,25.8686656474,23.4566369925,0,True
CHEMBL591,33.62927006,11.7128526554,0,True
CHEMBL592,12.0326144984,25.0197288098,0,True
CHEMBL593,-21.4965790209,-0.42036191246,0,True
CHEMBL594,2.0240702593,-12.9215641186,0,True
CHEMBL595,-30.8421016666,7.25489875706,0,True
CHEMBL596,0.0452354756218,-12.8997949041,0,True
CHEMBL597,-10.2551332447,-2.9422340092,0,True
CHEMBL599,36.9693082108,1.60934006595,0,True
CHEMBL6,-11.1431894357,22.6769190194,0,True
CHEMBL600,-21.8769185399,43.8046344871,0,True
CHEMBL601,-27.5060402579,41.5417108109,0,True
CHEMBL601719,29.5688442784,-29.0972298696,0,True
CHEMBL602,-28.3723325844,20.1592191781,0,True
CHEMBL603,25.7045546723,1.81943510775,0,True
CHEMBL605846,-3.10718386993,14.1768749834,0,True
CHEMBL606,31.5980304076,25.6445426839,0,True
CHEMBL606759,-14.9495986653,-47.8088118495,0,True
CHEMBL607,0.555326670271,-12.2339569333,0,True
CHEMBL607710,-16.2870845722,11.4744120079,0,True
CHEMBL608,-13.9117339943,1.11909020677,0,True
CHEMBL609,-26.8049365114,17.9820044287,0,True
CHEMBL61,-7.543679553,-43.5087288907,0,True
CHEMBL611,-37.9078937007,3.82093878948,0,True
CHEMBL611494,33.4336971463,14.4478712608,0,True
CHEMBL612,-0.0262512270149,8.54347824233,0,True
CHEMBL614,39.2102899916,-4.2820085333,0,True
CHEMBL615,-15.9978947775,50.9990806826,0,True
CHEMBL61593,-45.2652908198,-24.1029611377,0,True
CHEMBL617,-5.01185468635,51.8155392202,0,True
CHEMBL621,19.3997914785,-20.7348077306,0,True
CHEMBL62193,0.798146409672,-34.3832579418,0,True
CHEMBL622,-20.2330691103,27.1043653437,0,True
CHEMBL623,17.0980039892,-20.2287513385,0,True
CHEMBL625,-27.6480829451,-7.69386644724,0,True
CHEMBL626,14.2091366823,-5.85930800133,0,True
CHEMBL6273,13.6427061005,41.1811850843,0,True
CHEMBL628,-32.6897776807,-36.0875964463,0,True
CHEMBL629,-2.92825996069,-19.6763571362,0,True
CHEMBL631,-21.6972601309,8.99249395337,0,True
CHEMBL632,54.3787309977,32.0033828176,0,True
CHEMBL633,-16.9797893908,0.555004577966,0,True
CHEMBL63323,16.3883187143,5.96169716206,0,True
CHEMBL634,-2.32839989169,-15.759825189,0,True
CHEMBL635,46.4718515948,33.7784917408,0,True
CHEMBL636,4.21581454313,25.9552214496,0,True
CHEMBL637,-5.95279404053,16.7676652156,0,True
CHEMBL638,31.3829115541,-8.34431590688,0,True
CHEMBL639,22.4905460272,-17.7619589031,0,True
CHEMBL64,20.1205894637,-2.09819117934,0,True
CHEMBL640,13.4023276705,-26.0351211706,0,True
CHEMBL641,3.7476316287,10.2030716483,0,True
CHEMBL642,-23.6661938842,5.80449289698,0,True
CHEMBL643,13.6397958135,-39.1938206239,0,True
CHEMBL6437,14.002861405,-13.2037130482,0,True
CHEMBL644,13.8979888655,-31.8378690371,0,True
CHEMBL645,-20.8072288943,5.1093335168,0,True
CHEMBL646,37.1690219649,-31.0914404618,0,True
CHEMBL647,45.2024056412,-22.7185505244,0,True
CHEMBL648,17.5725994719,-7.67706979865,0,True
CHEMBL649,-20.1676313361,12.7637693613,0,True
CHEMBL650,51.2511423824,33.1580756683,0,True
CHEMBL651,1.44871281755,2.83229837024,0,True
CHEMBL652,45.4374711391,-29.5825815809,0,True
CHEMBL653,10.8149879874,-54.5021979778,0,True
CHEMBL654,11.8348192151,-10.0820957213,0,True
CHEMBL655,36.9461850954,-31.4315945389,0,True
CHEMBL656,16.4743215304,31.1218638295,0,True
CHEMBL657,0.931495650804,1.62375399522,0,True
CHEMBL658,-0.393520586904,-14.8888068704,0,True
CHEMBL659,20.2809595889,27.9035300659,0,True
CHEMBL660,3.14415935261,41.0068047929,0,True
CHEMBL66092,26.8724470212,1.86205357756,0,True
CHEMBL661,37.4747130701,-33.2230006898,0,True
CHEMBL666,-14.0566648997,-28.8497815309,0,True
CHEMBL668,3.93281328791,7.25355730827,0,True
CHEMBL669,-7.64878704999,-21.8306716376,0,True
CHEMBL671,-26.2773378941,-21.9776380455,0,True
CHEMBL672,27.7041168762,-33.2452200671,0,True
CHEMBL673,-4.47619311605,4.03878606949,0,True
CHEMBL677,-0.740479503622,15.2953599943,0,True
CHEMBL679,0.143132450994,16.3452742833,0,True
CHEMBL680,-6.83082528274,52.8067935236,0,True
CHEMBL681,6.50344387811,-25.4678729674,0,True
CHEMBL682,16.7662988669,-17.4576659272,0,True
CHEMBL684,17.2767063949,18.291253985,0,True
CHEMBL685,-26.5903055486,-9.62591148086,0,True
CHEMBL686,12.3139802234,7.18740800028,0,True
CHEMBL689,-26.4325956736,-46.670140264,0,True
CHEMBL691,27.2639778869,35.3251021539,0,True
CHEMBL695,-26.0104103675,-18.5441291478,0,True
CHEMBL696,-12.6006343054,-18.4942135768,0,True
CHEMBL697,-12.1811451943,-10.8351710557,0,True
CHEMBL6995,-25.7158043657,5.79361603816,0,True
CHEMBL70,16.8459446201,26.6269917716,0,True
CHEMBL700,2.25261690809,-34.9230346009,0,True
CHEMBL701,25.2550532958,-26.2080801082,0,True
CHEMBL702,-15.1275472694,53.9194042039,0,True
CHEMBL703,-34.5422070109,-12.1212091232,0,True
CHEMBL704,13.1703775609,14.5339519709,0,True
CHEMBL70418,31.2170043784,-34.2759410235,0,True
CHEMBL705,21.2162386008,38.3539583576,0,True
CHEMBL707,-37.271864867,6.42422502282,0,True
CHEMBL708,5.89235588929,-15.7268759872,0,True
CHEMBL709,-38.0696297738,3.27466966949,0,True
CHEMBL70927,2.89049111731,32.4189435068,0,True
CHEMBL71,16.9365015601,-34.8513255161,0,True
CHEMBL710,35.6976167076,39.3928001964,0,True
CHEMBL711,-7.72511269778,11.5478131306,0,True
CHEMBL712,-8.97708733212,14.0941767866,0,True
CHEMBL713,-34.3289863745,-40.3599784536,0,True
CHEMBL714,-1.95422160122,26.3700897849,0,True
CHEMBL715,23.527294361,-37.5167466078,0,True
CHEMBL716,21.2868711817,-35.3514553063,0,True
CHEMBL717,43.758448118,42.3684617561,0,True
CHEMBL719,35.0323193684,27.1097028586,0,True
CHEMBL72,12.3297907713,-34.180512914,0,True
CHEMBL720,-7.38496152944,-3.21448683732,0,True
CHEMBL723,-15.4772232447,7.30794589172,0,True
CHEMBL726,17.3057388769,-35.4052705402,0,True
CHEMBL727,-37.9717516017,-36.1290655727,0,True
CHEMBL728,17.8797151827,-36.6885298113,0,True
CHEMBL729,-42.9988656253,11.5403047959,0,True
CHEMBL730,-24.1897522332,-58.3479394677,0,True
CHEMBL734,-28.6471272444,10.7571054653,0,True
CHEMBL741,30.5952065765,-14.6197124244,0,True
CHEMBL7413,-21.8910553637,-21.2721496949,0,True
CHEMBL742,29.8410605505,-22.8389136324,0,True
CHEMBL744,-13.4755467276,8.58341874842,0,True
CHEMBL746,9.89095858628,33.5843403216,0,True
CHEMBL74632,3.03756599167,52.097839587,0,True
CHEMBL750,9.1322622018,-21.8730709529,0,True
CHEMBL75094,-10.4209783223,-30.6602752882,0,True
CHEMBL752,-31.8095932992,-44.4728997629,0,True
CHEMBL753,-8.26541713846,3.84040694281,0,True
CHEMBL7568,17.3892193614,-15.3792243979,0,True
CHEMBL75880,3.0475789654,-6.91094173047,0,True
CHEMBL76,14.5196086127,-16.354100186,0,True
CHEMBL760,40.6577448413,-28.7227511566,0,True
CHEMBL761,-10.1693324827,-3.71593686258,0,True
CHEMBL762,-12.6256979797,-3.03697809581,0,True
CHEMBL765,7.34426635157,-12.4367016752,0,True
CHEMBL766,-42.1651063472,40.8642175706,0,True
CHEMBL768,-21.2450872826,6.01273064258,0,True
CHEMBL770,-13.5248408156,-1.07536289865,0,True
CHEMBL771,-35.5931169506,41.5607520924,0,True
CHEMBL772,-13.2205919519,33.4786914801,0,True
CHEMBL7728,-23.6819115876,-20.4593061193,0,True
CHEMBL773,-30.979877108,43.3808249906,0,True
CHEMBL776,-1.99150032355,25.5775138996,0,True
CHEMBL777,-26.8606798641,47.6303999485,0,True
CHEMBL778,-45.1103939799,34.5335298471,0,True
CHEMBL779,-22.9826840179,25.7201584536,0,True
CHEMBL781,29.2235626614,-24.6163288605,0,True
CHEMBL782,22.216789651,-46.5866369097,0,True
CHEMBL783,-34.0222154901,18.8261917189,0,True
CHEMBL785,1.13631955689,13.9185316066,0,True
CHEMBL7863,-20.1046822015,-25.7116125277,0,True
CHEMBL787,27.4051256948,-26.7735402957,0,True
CHEMBL788,-26.0693317602,-39.3727338645,0,True
CHEMBL79,-5.09158578942,-7.53838454835,0,True
CHEMBL790,20.7655181177,-28.5305037901,0,True
CHEMBL796,4.28653306382,-4.55521625771,0,True
CHEMBL797,-11.405473952,-11.6844864431,0,True
CHEMBL799,-13.1812434742,8.12485585497,0,True
CHEMBL8,14.0067786749,41.0944566005,0,True
CHEMBL80,15.4118113424,30.6612067552,0,True
CHEMBL802,-35.6616364754,-0.720495071729,0,True
CHEMBL803,-22.8563966007,-44.0535476397,0,True
CHEMBL806,3.5266741378,-42.8354414289,0,True
CHEMBL807,1.38253858772,42.3368134445,0,True
CHEMBL808,34.3448316559,-22.2219107179,0,True
CHEMBL8085,-39.3387547,36.4928454865,0,True
CHEMBL809,28.1694394939,-21.2854945062,0,True
CHEMBL81,-15.2877656192,2.61361317615,0,True
CHEMBL810,37.9440622226,-5.32902284951,0,True
CHEMBL813,44.4661576015,-0.0674315786159,0,True
CHEMBL814,14.527547114,4.80346329801,0,True
CHEMBL815,34.5114981588,18.2696489747,0,True
CHEMBL817,17.2411621195,-49.1661992417,0,True
CHEMBL819,-13.6161190018,46.8877085631,0,True
CHEMBL820,-32.316861667,3.98735860129,0,True
CHEMBL821,-34.3326424478,9.68232205899,0,True
CHEMBL822,12.6828871352,-5.46402308638,0,True
CHEMBL826,9.06057994893,39.0917116831,0,True
CHEMBL83,-14.5646692037,4.71642263956,0,True
CHEMBL830,-31.6677758183,35.1455689422,0,True
CHEMBL831,25.0280456004,-35.8337300042,0,True
CHEMBL832,-11.7167262891,-22.8225165208,0,True
CHEMBL833,38.8287534539,-17.3544428399,0,True
CHEMBL834,23.571034841,12.5541481894,0,True
CHEMBL836,-11.8260097854,10.9403791081,0,True
CHEMBL83668,-4.33101268002,8.50745439669,0,True
CHEMBL838,-31.0611619604,25.1357002379,0,True
CHEMBL839,-23.3665169588,11.2331335047,0,True
CHEMBL84,-4.7108547731,37.5388019522,0,True
CHEMBL841,18.360178867,-20.9955367768,0,True
CHEMBL842,-41.7955381163,-25.6226284514,0,True
CHEMBL844,43.01038234,-20.4155778021,0,True
CHEMBL84446,-12.8366719853,-25.9454282876,0,True
CHEMBL846,39.4898722112,33.6172539298,0,True
CHEMBL84617,-1.22447575057,-16.4817437395,0,True
CHEMBL847,1.68262768123,-44.1209195403,0,True
CHEMBL848,29.0991465036,5.53264731942,0,True
CHEMBL85,6.89018903855,-24.0181928337,0,True
CHEMBL850,11.5475677324,42.2756982478,0,True
CHEMBL852,-34.9135318586,32.1840758619,0,True
CHEMBL853,-22.6442158542,-41.1679972729,0,True
CHEMBL855,13.6081144184,-8.80604976217,0,True
CHEMBL856,-14.8927840633,-16.0225881079,0,True
CHEMBL857,-24.801478452,36.2051300131,0,True
CHEMBL858,-30.0443306717,44.9983663846,0,True
CHEMBL86,11.5515633615,-24.9483816785,0,True
CHEMBL861,-15.1070329031,-14.3515831655,0,True
CHEMBL862,32.4625510414,-25.7284447348,0,True
CHEMBL863,-35.818494039,38.2434494324,0,True
CHEMBL86304,17.3613702597,-25.6086929009,0,True
CHEMBL864,26.243517104,-16.8054826677,0,True
CHEMBL866,-40.6784673627,0.0430639095827,0,True
CHEMBL86715,5.03117046474,-9.10829200245,0,True
CHEMBL869,-12.4241908359,-32.9419399947,0,True
CHEMBL870,24.4832409231,9.97500763141,0,True
CHEMBL871,24.0740506456,9.59142724993,0,True
CHEMBL8739,-28.5455271469,29.5384905519,0,True
CHEMBL877,-29.700202476,31.8965390065,0,True
CHEMBL878,-39.6014308517,-22.4341821263,0,True
CHEMBL87992,-19.8597236524,-15.6718530116,0,True
CHEMBL88,19.8014741979,20.9143777434,0,True
CHEMBL880,-38.2148380629,-41.8374831358,0,True
CHEMBL885,-23.3701837908,-37.2019911431,0,True
CHEMBL887,-4.15316452746,3.43789836601,0,True
CHEMBL888,-22.9146968197,-43.0338084044,0,True
CHEMBL891,-13.2363485209,46.4146060967,0,True
CHEMBL893,-12.7880051512,46.9900016552,0,True
CHEMBL894,29.1449167564,-37.2040592689,0,True
CHEMBL895,13.4484897187,30.0444151867,0,True
CHEMBL89598,-28.6744947094,38.8360675284,0,True
CHEMBL896,24.6575573307,-22.7494129341,0,True
CHEMBL897,18.1023095479,10.926094376,0,True
CHEMBL898,14.8656086235,13.7402970123,0,True
CHEMBL9,11.976177226,37.0915716713,0,True
CHEMBL90,-41.7612401565,34.9882066045,0,True
CHEMBL900,3.01093128093,-0.0665042131719,0,True
CHEMBL902,9.53803777005,-53.5840075,0,True
CHEMBL905,-16.8335094372,33.0921242025,0,True
CHEMBL90555,-7.52142422628,32.6389607904,0,True
CHEMBL908,20.0753016373,-32.6862174068,0,True
CHEMBL91,37.04567404,-21.0446592417,0,True
CHEMBL911,8.78177567662,6.5779964464,0,True
CHEMBL91238,28.190691272,-32.6425326243,0,True
CHEMBL914,2.04212282903,-8.75290929112,0,True
CHEMBL916,-25.9757924863,3.67975340139,0,True
CHEMBL917,-23.3157600837,-38.5722369226,0,True
CHEMBL918,-14.0996145523,-15.8749086233,0,True
CHEMBL92,-20.5842063572,-30.585144288,0,True
CHEMBL920,-35.7076512632,-12.2314172934,0,True
CHEMBL922,-34.5292896679,-46.140014944,0,True
CHEMBL9225,5.14297831682,16.0774106387,0,True
CHEMBL923,22.2785191853,8.85955237461,0,True
CHEMBL924,25.4215321192,8.85315977891,0,True
CHEMBL925,-39.4302839448,34.1927231445,0,True
CHEMBL926,-2.19042899629,22.0707318071,0,True
CHEMBL927,-7.6741061718,56.1577265404,0,True
CHEMBL93,-18.0296388555,-16.7796949071,0,True
CHEMBL930,-37.6058624456,40.6606646914,0,True
CHEMBL931,-44.4954430498,-9.92048601555,0,True
CHEMBL932,-35.9493197618,-3.59246661113,0,True
CHEMBL934,18.652828229,9.08714875171,0,True
CHEMBL936,6.77771265731,-10.44316936,0,True
CHEMBL939,7.82689431942,-32.242701971,0,True
CHEMBL94,6.39637271209,26.3480632658,0,True
CHEMBL940,-27.5024703028,36.5905495872,0,True
CHEMBL941,21.6570612036,-0.209634359848,0,True
CHEMBL945,35.6456772183,-9.07031698792,0,True
CHEMBL94657,43.4192670228,22.7038400618,0,True
CHEMBL95,-22.747148131,-3.35952071878,0,True
CHEMBL951,-25.834284768,26.5341259322,0,True
CHEMBL953,-23.5020349332,-9.22749801462,0,True
CHEMBL954,-7.62050912932,12.3141710408,0,True
CHEMBL956,-18.9382874338,-7.13063823832,0,True
CHEMBL957,3.94709991787,-31.1087656039,0,True
CHEMBL95889,-31.0012843366,41.0597552947,0,True
CHEMBL959,0.706431265734,41.56641252,0,True
CHEMBL960,14.0958703829,2.25381993132,0,True
CHEMBL96172,42.4607032349,25.9161178845,0,True
CHEMBL963,17.4455469616,31.2512944804,0,True
CHEMBL964,16.4902964564,18.9011827787,0,True
CHEMBL965,-37.2524179474,-10.2112184368,0,True
CHEMBL967,34.8595692615,-33.8282185496,0,True
CHEMBL968,33.9374088676,-32.7996482025,0,True
CHEMBL969,35.2078119628,-35.8541044088,0,True
CHEMBL970,34.5081088938,-34.9595576502,0,True
CHEMBL972,-3.81704926542,4.11429705145,0,True
CHEMBL973,17.3105222676,3.49476207889,0,True
CHEMBL976,-2.33216380016,-9.0328988076,0,True
CHEMBL978,-39.8558022739,-9.63993780212,0,True
CHEMBL979,-33.5961606128,-9.93928783896,0,True
CHEMBL98,-27.9794975815,9.84536356277,0,True
CHEMBL980,-15.4253681648,9.66148439688,0,True
CHEMBL985,-24.186786327,-15.0676553257,0,True
CHEMBL986,22.3007986027,37.9406970722,0,True
CHEMBL989,51.5829392637,34.5147095852,0,True
CHEMBL990,13.2233167888,-4.3917995512,0,True
CHEMBL991,-28.5483687845,-36.9052495416,0,True
CHEMBL996,-4.32683294159,48.1091055187,0,True
CHEMBL9967,21.6361623111,-10.9805976293,0,True
CHEMBL997,23.5312275663,11.5099298346,0,True
CHEMBL998,34.1794026097,-27.8384494896,0,True
CHEMBL99946,-8.08918699466,-13.9256673058,0,True
